../BBCZ80/EXEC.asm:
     1                          ;		TITLE	BBC BASIC (C) R.T.RUSSELL 1981-2025
     2                          ;
     3                          ;BBC BASIC INTERPRETER - Z80 VERSION
     4                          ;STATEMENT EXECUTION MODULE - "EXEC"
     5                          ;(C) COPYRIGHT R.T.RUSSELL 1981-2025
     6                          ;
     7                          ;THE NAME BBC BASIC IS USED WITH THE PERMISSION
     8                          ;OF THE BRITISH BROADCASTING CORPORATION AND IS
     9                          ;NOT TRANSFERRABLE TO A FORKED OR DERIVED WORK.
    10                          ;
    11                          ;VERSION 2.1, 22-01-1984
    12                          ;VERSION 3.1, 11-06-1987
    13                          ;VERSION 5.0, 12-07-2024
    14                          ;VERSION 5.1, 28-12-2024
    15                          ;VERSION 5.2, 11-01-2025
    16                          ;VERSION 5.3, 31-01-2025
    17                          ;
    18                          	SECTION	BASIC
    19                          
    20                          	GLOBAL	XEQ
    21                          	GLOBAL	RUN0
    22                          	GLOBAL	CHAIN0
    23                          	GLOBAL	CHECK
    24                          	GLOBAL	MUL16
    25                          	GLOBAL	X14OR5
    26                          	GLOBAL	TERMQ
    27                          	GLOBAL	STOREN
    28                          	GLOBAL	STORE4
    29                          	GLOBAL	STORE5
    30                          	GLOBAL	STACCS
    31                          	GLOBAL	SPACES
    32                          	GLOBAL	FN
    33                          	GLOBAL	USR
    34                          	GLOBAL	ESCAPE
    35                          	GLOBAL	SYNTAX
    36                          	GLOBAL	CHANEL
    37                          	GLOBAL	CHNL
    38                          	GLOBAL	VAR
    39                          	GLOBAL	TABIT
    40                          	GLOBAL	MODIFY
    41                          	GLOBAL	MODIFS
    42                          ;
    43                          	EXTERN	ASSEM
    44                          	EXTERN	ERROR
    45                          	EXTERN	REPORT
    46                          	EXTERN	WARM
    47                          	EXTERN	CLOOP
    48                          	EXTERN	SAYLN
    49                          	EXTERN	LOAD0
    50                          	EXTERN	CRLF
    51                          	EXTERN	PBCDL
    52                          	EXTERN	TELL
    53                          	EXTERN	FINDL
    54                          	EXTERN	SETLIN
    55                          	EXTERN	CLEAR
    56                          	EXTERN	GETVAR
    57                          	EXTERN	PUTVAR
    58                          	EXTERN	GETDEF
    59                          	EXTERN	LOCATE
    60                          	EXTERN	CREATE
    61                          	EXTERN	OUTCHR
    62                          	EXTERN	EXTERR
    63                          	EXTERN	BYE
    64                          	EXTERN	NXT
    65                          	EXTERN	NLIST
    66                          	EXTERN	CSRON
    67                          	EXTERN	CSROFF
    68                          ;
    69                          	EXTERN	OSWRCH
    70                          	EXTERN	OSLINE
    71                          	EXTERN	OSSHUT
    72                          	EXTERN	OSBPUT
    73                          	EXTERN	OSBGET
    74                          	EXTERN	CLRSCN
    75                          	EXTERN	PUTCSR
    76                          	EXTERN	PUTIME
    77                          	EXTERN	PUTIMS
    78                          	EXTERN	PUTPTR
    79                          	EXTERN	OSCALL
    80                          	EXTERN	OSCLI
    81                          	EXTERN	TRAP
    82                          ;
    83                          	EXTERN	SOUND
    84                          	EXTERN	CLG
    85                          	EXTERN	DRAW
    86                          	EXTERN	ENVEL
    87                          	EXTERN	GCOL
    88                          	EXTERN	MODE
    89                          	EXTERN	MOVE
    90                          	EXTERN	PLOT
    91                          	EXTERN	COLOUR
    92                          	EXTERN	CIRCLE
    93                          	EXTERN	ELLIPS
    94                          	EXTERN	FILL
    95                          	EXTERN	MOUSE
    96                          	EXTERN	ORIGIN
    97                          	EXTERN	RECTAN
    98                          	EXTERN	LINE
    99                          	EXTERN	WAIT
   100                          	EXTERN	TINT
   101                          	EXTERN	SYS
   102                          ;
   103                          	EXTERN	STR
   104                          	EXTERN	HEXSTR
   105                          	EXTERN	EXPR
   106                          	EXTERN	EXPRN
   107                          	EXTERN	EXPRI
   108                          	EXTERN	EXPRS
   109                          	EXTERN	ITEMI
   110                          	EXTERN	CONS
   111                          	EXTERN	LOADS
   112                          	EXTERN	VAL0
   113                          	EXTERN	SFIX
   114                          	EXTERN	TEST
   115                          	EXTERN	LOAD4
   116                          	EXTERN	LOADN
   117                          	EXTERN	DLOAD5
   118                          	EXTERN	FPP
   119                          	EXTERN	COMMA
   120                          	EXTERN	BRAKET
   121                          	EXTERN	PUSHS
   122                          	EXTERN	POPS
   123                          	EXTERN	ZERO
   124                          	EXTERN	SCP
   125                          	EXTERN	LETARR
   126                          ;
   127                          	EXTERN	ACCS
   128                          	EXTERN	PAGE
   129                          	EXTERN	LOMEM
   130                          	EXTERN	HIMEM
   131                          	EXTERN	FREE
   132                          	EXTERN	BUFFER
   133                          	EXTERN	ERRTRP
   134                          	EXTERN	ONERSP
   135                          	EXTERN	CURLIN
   136                          	EXTERN	COUNT
   137                          	EXTERN	WIDTH
   138                          	EXTERN	STAVAR
   139                          	EXTERN	DATPTR
   140                          	EXTERN	RANDOM
   141                          	EXTERN	TRACEN
   142                          	EXTERN	LISTON
   143                          	EXTERN	PC
   144                          	EXTERN	OC
   145                          ;
   146                          LF	EQU	0AH
   147                          CR	EQU	0DH
   148                          TAND	EQU	80H
   149                          TOR	EQU	84H
   150                          TERROR	EQU	85H
   151                          TLINE	EQU	86H
   152                          TOFF	EQU	87H
   153                          TSTEP	EQU	88H
   154                          TSPC	EQU	89H
   155                          TTAB	EQU	8AH
   156                          TELSE	EQU	8BH
   157                          TTHEN	EQU	8CH
   158                          TLINO	EQU	8DH
   159                          TTO	EQU	0B8H
   160                          TCMD	EQU	0C0H
   161                          TWHILE	EQU	0C7H
   162                          TWHEN	EQU	0C9H
   163                          TOF	EQU	0CAH
   164                          TENDCASE EQU	0CBH
   165                          TOTHERWISE EQU	0CCH
   166                          TENDIF	EQU	0CDH
   167                          TENDWHILE EQU	0CEH
   168                          TCALL	EQU	0D6H
   169                          TDATA	EQU	0DCH
   170                          TDEF	EQU	0DDH
   171                          TFOR	EQU	0E3H
   172                          TGOSUB	EQU	0E4H
   173                          TGOTO	EQU	0E5H
   174                          TLOCAL	EQU	0EAH
   175                          TNEXT	EQU	0EDH
   176                          TON	EQU	0EEH
   177                          TPROC	EQU	0F2H
   178                          TREM	EQU	0F4H
   179                          TREPEAT	EQU	0F5H
   180                          TRETURN	EQU	0F8H
   181                          TSTOP	EQU	0FAH
   182                          TUNTIL	EQU	0FDH
   183                          TEXIT	EQU	10H
   184                          ;
   185  0000  ce0c              CMDTAB:	DEFW	LEFTSL
   186  0002  e20c              	DEFW	MIDSL
   187  0004  d80c              	DEFW	RITESL
   188  0006  3902              	DEFW	SYNTAX	;STR$
   189  0008  3902              	DEFW	SYNTAX	;STRING$
   190  000a  3902              	DEFW	SYNTAX	;EOF
   191  000c  3902              	DEFW	SYNTAX	;SUM
   192  000e  7f0a              	DEFW	WHILE
   193  0010  b009              	DEFW	CASE
   194  0012  3902              	DEFW	SYNTAX	;WHEN
   195  0014  3902              	DEFW	SYNTAX	;OF
   196  0016  f300              	DEFW	XEQ	;ENDCASE
   197  0018  3902              	DEFW	SYNTAX	;OTHERWISE
   198  001a  f300              	DEFW	XEQ	;ENDIF
   199  001c  9c0a              	DEFW	ENDWHI	;ENDWHILE
   200  001e  5a0b              	DEFW	PTR
   201  0020  6e0b              	DEFW	PAGEV
   202  0022  7c0b              	DEFW	TIMEV
   203  0024  9b0b              	DEFW	LOMEMV
   204  0026  ad0b              	DEFW	HIMEMV
   205  0028  0000              	DEFW	SOUND
   206  002a  2c0c              	DEFW	BPUT
   207  002c  630c              	DEFW	CALL
   208  002e  a700              	DEFW	CHAIN
   209  0030  ef0a              	DEFW	CLR
   210  0032  240c              	DEFW	CLOSE
   211  0034  0000              	DEFW	CLG
   212  0036  ce0a              	DEFW	CLS
   213  0038  8b01              	DEFW	REM		;DATA
   214  003a  8b01              	DEFW	REM		;DEF
   215  003c  9702              	DEFW	DIM
   216  003e  0000              	DEFW	DRAW
   217  0040  2d01              	DEFW	END
   218  0042  d607              	DEFW	ENDPRO
   219  0044  0000              	DEFW	ENVEL
   220  0046  6d05              	DEFW	FOR
   221  0048  2405              	DEFW	GOSUB
   222  004a  0d05              	DEFW	GOTO
   223  004c  0000              	DEFW	GCOL
   224  004e  2209              	DEFW	IF
   225  0050  3b08              	DEFW	INPUT
   226  0052  fb01              	DEFW	LET
   227  0054  6c07              	DEFW	LOCAL
   228  0056  0000              	DEFW	MODE
   229  0058  0000              	DEFW	MOVE
   230  005a  ba05              	DEFW	NEXT
   231  005c  9304              	DEFW	ON
   232  005e  f50b              	DEFW	VDU
   233  0060  0000              	DEFW	PLOT
   234  0062  9f03              	DEFW	PRINT
   235  0064  4006              	DEFW	PROC
   236  0066  d908              	DEFW	READ
   237  0068  8b01              	DEFW	REM
   238  006a  3e05              	DEFW	REPEAT
   239  006c  ea0a              	DEFW	REPOR
   240  006e  080b              	DEFW	RESTOR
   241  0070  2f05              	DEFW	RETURN
   242  0072  a200              	DEFW	RUN
   243  0074  d70a              	DEFW	STOP
   244  0076  0000              	DEFW	COLOUR
   245  0078  dc0b              	DEFW	TRACE
   246  007a  4605              	DEFW	UNTIL
   247  007c  d20b              	DEFW	WIDTHV
   248  007e  6201              	DEFW	CLI		;OSCLI
   249  0080  8b01              	DEFW	REM		;NUL
   250  0082  0000              	DEFW	CIRCLE
   251  0084  0000              	DEFW	ELLIPS
   252  0086  0000              	DEFW	FILL
   253  0088  0000              	DEFW	MOUSE
   254  008a  0000              	DEFW	ORIGIN
   255  008c  0000              	DEFW	BYE		;QUIT
   256  008e  0000              	DEFW	RECTAN
   257  0090  b801              	DEFW	SWAP
   258  0092  0000              	DEFW	SYS
   259  0094  0000              	DEFW	TINT
   260  0096  0000              	DEFW	WAIT
   261  0098  3902              	DEFW	SYNTAX		;INSTALL
   262  009a  8b01              	DEFW	REM		;CR
   263  009c  f40d              	DEFW	PUT		;Token changed
   264  009e  3902              	DEFW	SYNTAX		;BY
   265  00a0  7a0d              	DEFW	EXIT
   266                          ;
   267                          TLAST	EQU	TCMD-128+($-CMDTAB)/2
   268                          ;
   269  00a2  cd9011            RUN:	CALL	TERMQ
   270  00a5  280d              	JR	Z,RUN0
   271  00a7  cd0000            CHAIN:	CALL	EXPRS
   272  00aa  3e0d              	LD	A,CR
   273  00ac  12                	LD	(DE),A
   274  00ad  ed7b0000          CHAIN0:	LD	SP,(HIMEM)
   275  00b1  cd0000            	CALL	LOAD0
   276  00b4  ed7b0000          RUN0:	LD	SP,(HIMEM)	;PREPARE FOR RUN
   277  00b8  dd210000          	LD	IX,RANDOM
   278                          ;	Original code used the Z80 refresh register as a seed, but this can
   279                          ;	hang if R is not incremented correctly on some MSX hardware/cores:
   280                          ;RAND:	LD	A,R		;RANDOMISE (CARE!)
   281                          ;	JR	Z,RAND
   282  00bc  3a9efc            	LD	A,(0FC9EH)	;JIFFY - MSX VBLANK COUNTER (avoids R register)
   283  00bf  07                	RLCA
   284  00c0  07                	RLCA
   285  00c1  dd7703            	LD	(IX+3),A
   286  00c4  9f                	SBC	A,A
   287  00c5  dd7704            	LD	(IX+4),A
   288  00c8  cd0000            	CALL	CLEAR
   289  00cb  210000            	LD	HL,0
   290  00ce  220000            	LD	(ERRTRP),HL
   291  00d1  2a0000            	LD	HL,(PAGE)
   292  00d4  cd5312            	CALL	DSRCH		;LOOK FOR "DATA"
   293  00d7  220000            	LD	(DATPTR),HL	;SET DATA POINTER
   294  00da  fd2a0000          	LD	IY,(PAGE)
   295  00de  cd3501            XEQ0:	CALL	NEWLIN
   296  00e1  fd7e00            	LD	A,(IY)
   297  00e4  fe8b              	CP	TELSE
   298  00e6  ca8909            	JP	Z,MELSE		;ELSE
   299  00e9  fec9              	CP	TWHEN
   300  00eb  ca9c09            	JP	Z,WHEN		;WHEN
   301  00ee  fecc              	CP	TOTHERWISE
   302  00f0  ca9c09            	JP	Z,WHEN
   303  00f3  fd220000          XEQ:	LD	(CURLIN),IY	;ERROR POINTER
   304  00f7  cd0000            	CALL	TRAP		;CHECK KEYBOARD
   305  00fa  cd0000            XEQ1:	CALL	NXT
   306  00fd  fd23              	INC	IY
   307  00ff  fe3a              	CP	':'		;SEPARATOR
   308  0101  28f7              	JR	Z,XEQ1
   309  0103  fe0d              	CP	CR
   310  0105  28d7              	JR	Z,XEQ0		;NEW PROGRAM LINE
   311  0107  fe91              	CP	TLAST
   312  0109  eaed01            	JP	PE,LET0		;IMPLIED LET
   313  010c  d6c0              	SUB	TCMD
   314  010e  fa7001            	JP	M,EXTRAS
   315  0111  87                	ADD	A,A
   316  0112  4f                	LD	C,A
   317  0113  0600              	LD	B,0
   318  0115  210000            	LD	HL,CMDTAB
   319  0118  09                	ADD	HL,BC
   320  0119  7e                	LD	A,(HL)		;TABLE ENTRY
   321  011a  23                	INC	HL
   322  011b  66                	LD	H,(HL)
   323  011c  6f                	LD	L,A
   324  011d  cd0000            	CALL	NXT
   325  0120  e9                	JP	(HL)		;EXECUTE STATEMENT
   326                          ;
   327                          ;END
   328                          ;
   329  0121  fde5              ENDIM:	PUSH	IY
   330  0123  e1                	POP	HL
   331  0124  ed4b0000          	LD	BC,(PAGE)
   332  0128  ed42              	SBC	HL,BC		;IMMEDIATE MODE ?
   333  012a  da0000            	JP	C,CLOOP
   334  012d  1e00              END:	LD	E,0
   335  012f  cd0000            	CALL	OSSHUT		;CLOSE ALL FILES
   336  0132  c30000            	JP	WARM		;"Ready"
   337                          ;
   338  0135  fd7e00            NEWLIN:	LD	A,(IY+0)	;A=LINE LENGTH
   339  0138  010300            	LD	BC,3
   340  013b  fd09              	ADD	IY,BC
   341  013d  b7                	OR	A
   342  013e  28e1              	JR	Z,ENDIM		;LENGTH=0, EXIT
   343  0140  2a0000            	LD	HL,(TRACEN)
   344  0143  7c                	LD	A,H
   345  0144  b5                	OR	L
   346  0145  c8                	RET	Z
   347  0146  fd56ff            	LD	D,(IY-1)	;DE = LINE NUMBER
   348  0149  fd5efe            	LD	E,(IY-2)
   349  014c  ed52              	SBC	HL,DE
   350  014e  d8                	RET	C
   351  014f  eb                	EX	DE,HL
   352  0150  3e5b              	LD	A,'['		;TRACE
   353  0152  cd0000            	CALL	OUTCHR
   354  0155  cd0000            	CALL	PBCDL
   355  0158  3e5d              	LD	A,']'
   356  015a  cd0000            	CALL	OUTCHR
   357  015d  3e20              	LD	A,' '
   358  015f  c30000            	JP	OUTCHR
   359                          ;
   360                          ;ROUTINES FOR EACH STATEMENT:
   361                          ;
   362                          ;OSCLI
   363                          ;
   364  0162  cd0000            CLI:	CALL	EXPRS
   365  0165  3e0d              	LD	A,CR
   366  0167  12                	LD	(DE),A
   367  0168  210000            	LD	HL,ACCS
   368  016b  cd0000            	CALL	OSCLI
   369  016e  1883              	JR	XEQ
   370                          ;
   371  0170  fecb              EXTRAS:	CP	TELSE-TCMD
   372  0172  2817              	JR	Z,REM		;ELSE
   373  0174  fec5              	CP	TERROR-TCMD
   374  0176  2821              	JR	Z,THROW		;ERROR
   375  0178  fec6              	CP	TLINE-TCMD
   376  017a  ca0000            	JP	Z,LINE		;LINE
   377  017d  fec7              	CP	TOFF-TCMD
   378  017f  ca0000            	JP	Z,CSROFF	;OFF
   379  0182  c33902            	JP	SYNTAX
   380                          ;
   381                          ;REM, *
   382                          ;
   383  0185  fde5              EXT:	PUSH	IY
   384  0187  e1                	POP	HL
   385  0188  cd0000            	CALL	OSCLI
   386  018b  fde5              REM:	PUSH	IY
   387  018d  e1                	POP	HL
   388  018e  3e0d              	LD	A,CR
   389  0190  47                	LD	B,A
   390  0191  edb1              	CPIR			;FIND LINE END
   391  0193  e5                	PUSH	HL
   392  0194  fde1              	POP	IY
   393  0196  c3de00            	JP	XEQ0
   394                          ;
   395                          ;ERROR num,string$
   396                          ;
   397  0199  cd0000            THROW:	CALL	EXPRI
   398  019c  d9                	EXX
   399  019d  e5                	PUSH	HL
   400  019e  d9                	EXX
   401  019f  cd0000            	CALL	COMMA
   402  01a2  cd0000            	CALL	EXPRS
   403  01a5  e1                	POP	HL
   404  01a6  af                	XOR	A
   405  01a7  12                	LD	(DE),A
   406  01a8  7d                	LD	A,L
   407  01a9  210000            	LD	HL,ACCS
   408  01ac  110000            	LD	DE,BUFFER
   409  01af  d5                	PUSH	DE
   410  01b0  010001            	LD	BC,256
   411  01b3  edb0              	LDIR
   412  01b5  c30000            	JP	EXTERR
   413                          ;
   414                          ; SWAP
   415                          ;
   416  01b8  cd0000            SWAP:	CALL	GETVAR
   417  01bb  200b              	JR	NZ,SWAPNZ
   418  01bd  f5                	PUSH	AF
   419  01be  e5                	PUSH	HL
   420  01bf  cd0000            	CALL	COMMA
   421  01c2  cd0000            	CALL	NXT
   422  01c5  cd0000            	CALL	GETVAR
   423  01c8  206c              SWAPNZ:	JR	NZ,NOSUCH
   424  01ca  d1                	POP	DE
   425  01cb  c1                	POP	BC
   426  01cc  b8                	CP	B
   427  01cd  2073              	JR	NZ,MISMAT
   428  01cf  e60f              	AND	00001111B
   429  01d1  286f              	JR	Z,MISMAT
   430  01d3  78                	LD	A,B
   431  01d4  e6c0              	AND	11000000B
   432  01d6  280a              	JR	Z,SWAP1
   433  01d8  0602              	LD	B,2
   434  01da  f2e201            	JP	P,SWAP1
   435  01dd  eae201            	JP	PE,SWAP1
   436  01e0  0604              	LD	B,4
   437  01e2  4e                SWAP1:	LD	C,(HL)
   438  01e3  1a                	LD	A,(DE)
   439  01e4  77                	LD	(HL),A
   440  01e5  79                	LD	A,C
   441  01e6  12                	LD	(DE),A
   442  01e7  13                	INC	DE
   443  01e8  23                	INC	HL
   444  01e9  10f7              	DJNZ	SWAP1
   445  01eb  1827              	JR	XEQGO4
   446                          ;
   447                          ;[LET] var = expr
   448                          ;
   449  01ed  fe2a              LET0:	CP	'*'
   450  01ef  2894              	JR	Z,EXT
   451  01f1  fe3d              	CP	'='
   452  01f3  2870              	JR	Z,FNEND
   453  01f5  fe5b              	CP	'['
   454  01f7  2851              	JR	Z,ASM
   455  01f9  fd2b              	DEC	IY
   456  01fb  cd060e            LET:	CALL	ASSIGN
   457  01fe  caf300            	JP	Z,XEQ
   458  0201  3836              	JR	C,SYNTAX	;"Syntax error"
   459  0203  f20000            	JP	P,LETARR	;Numeric array
   460  0206  ea0000            	JP	PE,LETARR	;String array
   461  0209  d5                	PUSH	DE
   462  020a  e5                	PUSH	HL
   463  020b  cd0000            	CALL	EXPRS
   464  020e  dde1              	POP	IX
   465  0210  e1                	POP	HL
   466  0211  cd6e0e            	CALL	MODIFS
   467  0214  c3f300            XEQGO4:	JP	XEQ
   468                          ;
   469                          ; GETSTR - Get string variable
   470                          ;   Inputs: IY = text pointer
   471                          ;  Outputs: B = type
   472                          ;           Z-flag set if comma
   473                          ;
   474  0217  cd0000            GETSTR:	CALL	GETVAR
   475  021a  201a              	JR	NZ,NOSUCH
   476  021c  47                	LD	B,A
   477  021d  e6c0              	AND	11000000B
   478  021f  f24202            	JP	P,MISMAT
   479  0222  ea3f02            	JP	PE,BADUSE
   480  0225  cb40              	BIT	0,B
   481  0227  2819              	JR	Z,MISMAT
   482  0229  cd0000            	CALL	NXT
   483  022c  fe2c              	CP	','
   484  022e  c9                	RET
   485                          ;
   486  022f  cd0000            VAR:	CALL	GETVAR
   487  0232  c8                	RET	Z
   488  0233  d20000            	JP	NC,PUTVAR
   489  0236  3e1a              NOSUCH:	LD	A,26		;'No such variable'
   490  0238  21                	DEFB	21H
   491  0239  3e10              SYNTAX:	LD	A,16		;"Syntax error"
   492  023b  21                	DEFB	21H
   493  023c  3e11              ESCAPE:	LD	A,17		;"Escape"
   494  023e  21                	DEFB	21H
   495  023f  3e0e              BADUSE:	LD	A,14		;'Bad use of array'
   496  0241  21                	DEFB	21H
   497  0242  3e06              MISMAT:	LD	A,6		;'Type mismatch'
   498  0244  c30000            ERROR0:	JP	ERROR
   499                          ;
   500  0247  cd3501            ASM0:	CALL	NEWLIN
   501  024a  fd220000          ASM:	LD	(CURLIN),IY
   502  024e  cd0000            	CALL	TRAP
   503  0251  cd0000            	CALL	ASSEM
   504  0254  38e3              	JR	C,SYNTAX
   505  0256  fe0d              	CP	CR
   506  0258  28ed              	JR	Z,ASM0
   507  025a  210000            	LD	HL,LISTON
   508  025d  7e                	LD	A,(HL)
   509  025e  e60f              	AND	0FH
   510  0260  f630              	OR	30H
   511  0262  77                	LD	(HL),A
   512  0263  18af              	JR	XEQGO4
   513                          ;
   514                          ;=
   515                          ;
   516  0265  cd0000            FNEND:	CALL	EXPR		;FUNCTION RESULT
   517  0268  08                	EX	AF,AF'
   518  0269  87                	ADD	A,A
   519  026a  7b                	LD	A,E
   520  026b  3801              	JR	C,FNEND1
   521  026d  79                	LD	A,C
   522  026e  08                FNEND1:	EX	AF,AF'
   523  026f  e5                	PUSH	HL
   524  0270  d9                	EXX
   525  0271  c1                	POP	BC
   526  0272  eb                	EX	DE,HL		;SAVE RESULT IN A'B'C'D'E'
   527  0273  d9                	EXX
   528  0274  c1                FNEND2:	POP	BC
   529  0275  214006            	LD	HL,FNCHK
   530  0278  af                	XOR	A
   531  0279  ed42              	SBC	HL,BC
   532  027b  280a              	JR	Z,FNEND3
   533  027d  c5                	PUSH	BC
   534  027e  cd8b10            	CALL	RESLOC
   535  0281  20f1              	JR	NZ,FNEND2
   536  0283  3e07              	LD	A,7
   537  0285  18bd              	JR	ERROR0		;"No FN"
   538                          ;
   539  0287  fde1              FNEND3:	POP	IY
   540  0289  fd220000          	LD	(CURLIN),IY	;IN CASE OF ERROR
   541  028d  d9                	EXX
   542  028e  eb                	EX	DE,HL
   543  028f  c5                	PUSH	BC
   544  0290  d9                	EXX
   545  0291  e1                	POP	HL
   546  0292  08                	EX	AF,AF'
   547  0293  5f                	LD	E,A
   548  0294  4f                	LD	C,A
   549  0295  1f                	RRA
   550  0296  c9                	RET
   551                          ;
   552                          ;DIM var(dim1[,dim2[,...]])[,var(...]
   553                          ;DIM var expr[,var expr...]
   554                          ;
   555  0297  fde5              DIM:	PUSH	IY
   556  0299  fe21              	CP	'!'
   557  029b  ca6803            	JP	Z,DIM4
   558  029e  cd0000            	CALL	LOCATE		;VARIABLE
   559  02a1  da5203            	JP	C,BADDIM
   560  02a4  c40000            	CALL	NZ,CREATE
   561  02a7  fd7e00            	LD	A,(IY)
   562  02aa  fe28              	CP	'('
   563  02ac  c26803            	JP	NZ,DIM4
   564  02af  e5                	PUSH	HL
   565  02b0  dde1              	POP	IX
   566  02b2  7e                	LD	A,(HL)
   567  02b3  e6fe              	AND	0FEH
   568  02b5  23                	INC	HL
   569  02b6  b6                	OR	(HL)
   570  02b7  c26803            	JP	NZ,DIM4
   571  02ba  c1                	POP	BC		;LEVEL STACK
   572  02bb  7a                	LD	A,D
   573  02bc  2a0000            	LD	HL,(FREE)
   574  02bf  e5                	PUSH	HL
   575  02c0  dde3              	EX	(SP),IX
   576  02c2  e5                	PUSH	HL
   577  02c3  f5                	PUSH	AF		;SAVE TYPE
   578  02c4  110100            	LD	DE,1
   579  02c7  42                	LD	B,D		;DIMENSION COUNTER
   580  02c8  fd23              DIM1:	INC	IY
   581  02ca  c5                	PUSH	BC
   582  02cb  d5                	PUSH	DE
   583  02cc  dde5              	PUSH	IX
   584  02ce  cd0000            	CALL	EXPRI		;DIMENSION SIZE
   585  02d1  cb7c              	BIT	7,H
   586  02d3  207d              	JR	NZ,BADDIM
   587  02d5  d9                	EXX
   588  02d6  23                	INC	HL
   589  02d7  dde1              	POP	IX
   590  02d9  dd23              	INC	IX
   591  02db  dd7500            	LD	(IX),L		;SAVE SIZE
   592  02de  dd23              	INC	IX
   593  02e0  dd7400            	LD	(IX),H
   594  02e3  c1                	POP	BC
   595  02e4  cd1713            	CALL	MUL16		;HL=HL*BC
   596  02e7  386c              	JR	C,NOROOM	;TOO LARGE
   597  02e9  eb                	EX	DE,HL		;DE=PRODUCT
   598  02ea  c1                	POP	BC
   599  02eb  04                	INC	B		;DIMENSION COUNTER
   600  02ec  fd7e00            	LD	A,(IY)
   601  02ef  fe2c              	CP	','		;ANOTHER
   602  02f1  28d5              	JR	Z,DIM1
   603  02f3  dd23              	INC	IX
   604  02f5  cd0000            	CALL	BRAKET		;CLOSING BRACKET
   605  02f8  f1                	POP	AF		;RESTORE TYPE
   606  02f9  cd0713            	CALL	X14OR5		;DE=DE*n
   607  02fc  3857              	JR	C,NOROOM
   608  02fe  e1                	POP	HL
   609  02ff  70                	LD	(HL),B		;NO. OF DIMENSIONS
   610  0300  dde3              	EX	(SP),IX
   611  0302  e1                	POP	HL
   612  0303  e680              	AND	80H
   613  0305  ddb600            	OR	(IX)		;FLAGS
   614                          ;
   615                          ;  A = flags: bit 7 = string, bit 0 = LOCAL
   616                          ; DE = amount to allocate
   617                          ; HL = where to allocate (if not LOCAL)
   618                          ; (HL - FREE is size of 'descriptor')
   619                          ; IX = where to store pointer
   620                          ;
   621  0308  e5                DIM3:	PUSH	HL
   622  0309  24                	INC	H		;Safety margin
   623  030a  19                	ADD	HL,DE
   624  030b  3848              	JR	C,NOROOM
   625  030d  ed72              	SBC	HL,SP
   626  030f  3044              	JR	NC,NOROOM
   627  0311  e1                	POP	HL
   628  0312  e5                	PUSH	HL
   629  0313  ed4b0000          	LD	BC,(FREE)
   630  0317  b7                	OR	A
   631  0318  ed42              	SBC	HL,BC
   632  031a  44                	LD	B,H
   633  031b  4d                	LD	C,L
   634  031c  e1                	POP	HL
   635  031d  ed42              	SBC	HL,BC
   636  031f  cb47              	BIT	0,A
   637  0321  2812              	JR	Z,ARRCHK	;NOT LOCAL
   638  0323  210000            	LD	HL,0
   639  0326  ed52              	SBC	HL,DE
   640  0328  b7                	OR	A
   641  0329  ed42              	SBC	HL,BC
   642  032b  39                	ADD	HL,SP
   643  032c  2807              	JR	Z,ARRCHK	;RESERVE NOTHING
   644  032e  f9                	LD	SP,HL
   645  032f  d5                	PUSH	DE
   646  0330  c5                	PUSH	BC
   647  0331  f5                	PUSH	AF
   648  0332  cd3503            	CALL	ARRCHK
   649  0335  dd7500            ARRCHK:	LD	(IX+0),L	;SAVE POINTER
   650  0338  dd7401            	LD	(IX+1),H
   651  033b  78                	LD	A,B
   652  033c  b1                	OR	C
   653  033d  2809              	JR	Z,DIM2
   654  033f  d5                	PUSH	DE
   655  0340  eb                	EX	DE,HL
   656  0341  2a0000            	LD	HL,(FREE)
   657  0344  edb0              	LDIR			;COPY DESCRIPTOR
   658  0346  eb                	EX	DE,HL
   659  0347  d1                	POP	DE
   660  0348  7a                DIM2:	LD	A,D
   661  0349  b3                	OR	E
   662  034a  280e              	JR	Z,DIM5
   663  034c  3600              	LD	(HL),0		;INITIALISE ARRAY
   664  034e  23                	INC	HL
   665  034f  1b                	DEC	DE
   666  0350  18f6              	JR	DIM2
   667                          ;
   668  0352  3e0a              BADDIM:	LD	A,10		;"Bad DIM"
   669  0354  21                	DEFB	21H
   670  0355  3e0b              NOROOM:	LD	A,11		;"DIM space"
   671  0357  c30000            ERROR1:	JP	ERROR
   672                          ;
   673  035a  ed72              DIM5:	SBC	HL,SP
   674  035c  3004              	JR	NC,DIM7		;LOCAL
   675  035e  39                	ADD	HL,SP
   676  035f  220000            	LD	(FREE),HL
   677  0362  cd0000            DIM7:	CALL	NLIST		;ANOTHER VARIABLE?
   678  0365  c39702            	JP	DIM
   679                          ;
   680  0368  fde1              DIM4:	POP	IY
   681  036a  cd2f02            	CALL	VAR
   682  036d  b7                	OR	A
   683  036e  28e2              	JR	Z,BADDIM
   684  0370  fa5203            	JP	M,BADDIM
   685  0373  cb77              	BIT	6,A
   686  0375  20db              	JR	NZ,BADDIM
   687  0377  47                	LD	B,A		;TYPE
   688  0378  cd0000            	CALL	NXT
   689  037b  feea              	CP	TLOCAL
   690  037d  3e00              	LD	A,0		;PRESET TO NOT LOCAL
   691  037f  2003              	JR	NZ,DIM8
   692  0381  fd23              	INC	IY
   693  0383  3c                	INC	A		;FLAG LOCAL
   694  0384  f5                DIM8:	PUSH	AF
   695  0385  78                	LD	A,B		;TYPE
   696  0386  d9                	EXX
   697  0387  210000            	LD	HL,0
   698  038a  4c                	LD	C,H
   699  038b  cd460e            	CALL	STOREN		;RESERVED AREA
   700  038e  dde5              	PUSH	IX
   701  0390  cd0000            	CALL	EXPRI
   702  0393  dde1              	POP	IX
   703  0395  d9                	EXX
   704  0396  23                	INC	HL
   705  0397  eb                	EX	DE,HL
   706  0398  2a0000            	LD	HL,(FREE)
   707  039b  f1                	POP	AF		;LOCAL FLAG
   708  039c  c30803            	JP	DIM3
   709                          ;
   710                          ;PRINT list...
   711                          ;PRINT #channel,list...
   712                          ;
   713  039f  fe23              PRINT:	CP	'#'
   714  03a1  2064              	JR	NZ,PRINT0
   715  03a3  cd3513            	CALL	CHNL		;CHANNEL NO. = E
   716  03a6  cd0000            PRNTN1:	CALL	NLIST
   717  03a9  d5                	PUSH	DE
   718  03aa  cd0000            	CALL	EXPR		;ITEM TO PRINT
   719  03ad  08                	EX	AF,AF'
   720  03ae  face03            	JP	M,PRNTN2	;STRING
   721  03b1  d1                	POP	DE
   722  03b2  c5                	PUSH	BC
   723  03b3  d9                	EXX
   724  03b4  7d                	LD	A,L
   725  03b5  d9                	EXX
   726  03b6  cd0000            	CALL	OSBPUT
   727  03b9  d9                	EXX
   728  03ba  7c                	LD	A,H
   729  03bb  d9                	EXX
   730  03bc  cd0000            	CALL	OSBPUT
   731  03bf  7d                	LD	A,L
   732  03c0  cd0000            	CALL	OSBPUT
   733  03c3  7c                	LD	A,H
   734  03c4  cd0000            	CALL	OSBPUT
   735  03c7  c1                	POP	BC
   736  03c8  79                	LD	A,C
   737  03c9  cd0000            	CALL	OSBPUT
   738  03cc  18d8              	JR	PRNTN1
   739  03ce  4b                PRNTN2:	LD	C,E
   740  03cf  d1                	POP	DE
   741  03d0  210000            	LD	HL,ACCS
   742  03d3  0c                	INC	C
   743  03d4  0d                PRNTN3:	DEC	C
   744  03d5  2809              	JR	Z,PRNTN4
   745  03d7  7e                	LD	A,(HL)
   746  03d8  23                	INC	HL
   747  03d9  c5                	PUSH	BC
   748  03da  cd0000            	CALL	OSBPUT
   749  03dd  c1                	POP	BC
   750  03de  18f4              	JR	PRNTN3
   751  03e0  3e0d              PRNTN4:	LD	A,CR
   752  03e2  cd0000            	CALL	OSBPUT
   753  03e5  18bf              	JR	PRNTN1
   754                          ;
   755  03e7  0602              PRINT6:	LD	B,2
   756  03e9  1822              	JR	PRINTC
   757  03eb  010001            PRINT8:	LD	BC,100H
   758  03ee  181d              	JR	PRINTC
   759  03f0  210000            PRINT9:	LD	HL,STAVAR
   760  03f3  af                	XOR	A
   761  03f4  be                	CP	(HL)
   762  03f5  2810              	JR	Z,PRINT0
   763  03f7  3a0000            	LD	A,(COUNT)
   764  03fa  b7                	OR	A
   765  03fb  280a              	JR	Z,PRINT0
   766  03fd  96                PRINTA:	SUB	(HL)
   767  03fe  2807              	JR	Z,PRINT0
   768  0400  30fb              	JR	NC,PRINTA
   769  0402  ed44              	NEG
   770  0404  cdfd11            	CALL	SPACES
   771  0407  3a0000            PRINT0:	LD	A,(STAVAR)
   772  040a  4f                	LD	C,A		;PRINTS
   773  040b  0600              	LD	B,0		;PRINTF
   774  040d  cd9011            PRINTC:	CALL	TERMQ
   775  0410  2838              	JR	Z,PRINT4
   776  0412  cb80              	RES	0,B
   777  0414  fd23              	INC	IY
   778  0416  fe7e              	CP	'~'
   779  0418  28cd              	JR	Z,PRINT6
   780  041a  fe3b              	CP	';'
   781  041c  28cd              	JR	Z,PRINT8
   782  041e  fe2c              	CP	','
   783  0420  28ce              	JR	Z,PRINT9
   784  0422  cdb611            	CALL	FORMAT		;SPC, TAB, '
   785  0425  28e6              	JR	Z,PRINTC
   786  0427  fd2b              	DEC	IY
   787  0429  c5                	PUSH	BC
   788  042a  cd0000            	CALL	EXPR		;VARIABLE TYPE
   789  042d  08                	EX	AF,AF'
   790  042e  fa4404            	JP	M,PRINT3	;STRING
   791  0431  d1                	POP	DE
   792  0432  d5                	PUSH	DE
   793  0433  cb4a              	BIT	1,D
   794  0435  f5                	PUSH	AF
   795  0436  cc0000            	CALL	Z,STR		;DECIMAL
   796  0439  f1                	POP	AF
   797  043a  c40000            	CALL	NZ,HEXSTR	;HEX
   798  043d  c1                	POP	BC
   799  043e  c5                	PUSH	BC
   800  043f  79                	LD	A,C
   801  0440  93                	SUB	E
   802  0441  d4fd11            	CALL	NC,SPACES		;RIGHT JUSTIFY
   803  0444  c1                PRINT3:	POP	BC
   804  0445  cd0b12            	CALL	PTEXT		;PRINT
   805  0448  18c3              	JR	PRINTC
   806  044a  cb40              PRINT4:	BIT	0,B
   807  044c  cc0000            	CALL	Z,CRLF
   808  044f  183f              	JR	XEQGO3
   809                          ;
   810  0451  fd23              ONERR:	INC	IY		;SKIP "ERROR"
   811  0453  cd0000            	CALL	NXT
   812  0456  210000            	LD	HL,0		;FLAG NOT LOCAL
   813  0459  feea              	CP	TLOCAL
   814  045b  201d              	JR	NZ,ONERR1
   815  045d  fd23              	INC	IY		;SKIP "LOCAL"
   816  045f  2a0000            	LD	HL,(ERRTRP)
   817  0462  e5                	PUSH	HL
   818  0463  2a0000            	LD	HL,(ONERSP)
   819  0466  e5                	PUSH	HL
   820  0467  210004            	LD	HL,400H		;TYPE = 4, 'EXPONENT' = 0
   821  046a  e5                	PUSH	HL
   822  046b  210000            	LD	HL,ERRTRP
   823  046e  e5                	PUSH	HL
   824  046f  218411            	LD	HL,LOCCHK
   825  0472  e5                	PUSH	HL
   826  0473  210000            	LD	HL,0
   827  0476  39                	ADD	HL,SP
   828  0477  cd0000            	CALL	NXT
   829  047a  220000            ONERR1:	LD	(ONERSP),HL
   830  047d  fd220000          	LD	(ERRTRP),IY
   831  0481  fe87              	CP	TOFF
   832  0483  c28b01            	JP	NZ,REM
   833  0486  fd23              	INC	IY		;SKIP "OFF"
   834  0488  ed62              	SBC	HL,HL
   835  048a  220000            	LD	(ONERSP),HL
   836  048d  220000            	LD	(ERRTRP),HL
   837  0490  c3f300            XEQGO3:	JP	XEQ
   838                          ;
   839                          ;ON expr GOTO line[,line...] [ELSE statement]
   840                          ;ON expr GOTO line[,line...] [ELSE line]
   841                          ;ON expr GOSUB line[,line...] [ELSE statement]
   842                          ;ON expr GOSUB line[,line...] [ELSE line]
   843                          ;ON expr PROCone [,PROCtwo..] [ELSE PROCotherwise]
   844                          ;ON ERROR [LOCAL] statement [:statement...]
   845                          ;ON ERROR [LOCAL] OFF
   846                          ;
   847  0493  cd9011            ON:	CALL	TERMQ
   848  0496  ca0000            	JP	Z,CSRON
   849  0499  fe85              	CP	TERROR
   850  049b  28b4              	JR	Z,ONERR		;"ON ERROR"
   851  049d  cd0000            	CALL	EXPRI
   852  04a0  fd7e00            	LD	A,(IY)
   853  04a3  fd23              	INC	IY
   854  04a5  1e2c              	LD	E,','		;SEPARATOR
   855  04a7  fee5              	CP	TGOTO
   856  04a9  280b              	JR	Z,ON1
   857  04ab  fee4              	CP	TGOSUB
   858  04ad  2807              	JR	Z,ON1
   859  04af  1ef2              	LD	E,TPROC
   860  04b1  bb                	CP	E
   861  04b2  3e27              	LD	A,39
   862  04b4  204f              	JR	NZ,ERROR2	;"ON syntax"
   863  04b6  57                ON1:	LD	D,A
   864  04b7  d9                	EXX
   865  04b8  e5                	PUSH	HL
   866  04b9  d9                	EXX
   867  04ba  c1                	POP	BC		;ON INDEX
   868  04bb  78                	LD	A,B
   869  04bc  b4                	OR	H
   870  04bd  b5                	OR	L
   871  04be  2032              	JR	NZ,ON4		;OUT OF RANGE
   872  04c0  b1                	OR	C
   873  04c1  282f              	JR	Z,ON4
   874  04c3  0d                	DEC	C
   875  04c4  2811              	JR	Z,ON3		;INDEX=1
   876  04c6  cd9011            ON2:	CALL	TERMQ
   877  04c9  2827              	JR	Z,ON4		;OUT OF RANGE
   878  04cb  fd23              	INC	IY		;SKIP DELIMITER
   879  04cd  fe22              	CP	'"'
   880  04cf  281a              	JR	Z,ON5
   881  04d1  bb                	CP	E
   882  04d2  20f2              	JR	NZ,ON2
   883  04d4  0d                	DEC	C
   884  04d5  20ef              	JR	NZ,ON2
   885  04d7  7b                ON3:	LD	A,E
   886  04d8  fef2              	CP	TPROC
   887  04da  282c              	JR	Z,ONPROC
   888  04dc  d5                	PUSH	DE
   889  04dd  cd0000            	CALL	ITEMI		;LINE NUMBER
   890  04e0  d1                	POP	DE
   891  04e1  7a                	LD	A,D
   892  04e2  fee5              	CP	TGOTO
   893  04e4  2830              	JR	Z,GOTO2
   894  04e6  cd9c11            	CALL	SPAN		;SKIP REST OF LIST
   895  04e9  183c              	JR	GOSUB1
   896                          ;
   897  04eb  cdf312            ON5:	CALL	QUOTE
   898  04ee  fd23              	INC	IY
   899  04f0  18d4              	JR	ON2
   900                          ;
   901  04f2  fd7e00            ON4:	LD	A,(IY)
   902  04f5  fd23              	INC	IY
   903  04f7  fe8b              	CP	TELSE
   904  04f9  ca3b09            	JP	Z,IF1		;ELSE CLAUSE
   905  04fc  fe0d              	CP	CR
   906  04fe  20f2              	JR	NZ,ON4
   907  0500  3e28              	LD	A,40		;'ON range'
   908  0502  21                	DEFB	21H
   909  0503  3e22              FORVAR:	LD	A,34		;'FOR variable'
   910  0505  c30000            ERROR2:	JP	ERROR
   911                          ;
   912  0508  3eee              ONPROC:	LD	A,TON
   913  050a  c34006            	JP	PROC
   914                          ;
   915                          ;GOTO line
   916                          ;
   917  050d  cd0000            GOTO:	CALL	ITEMI		;LINE NUMBER
   918  0510  cd9011            GOTO1:	CALL	TERMQ
   919  0513  c23902            	JP	NZ,SYNTAX
   920  0516  d9                GOTO2:	EXX
   921  0517  cd0000            	CALL	FINDL
   922  051a  e5                	PUSH	HL
   923  051b  fde1              	POP	IY
   924  051d  cade00            	JP	Z,XEQ0
   925  0520  3e29              	LD	A,41
   926  0522  18e1              	JR	ERROR2		;"No such line"
   927                          ;
   928                          ;GOSUB line
   929                          ;
   930  0524  cd0000            GOSUB:	CALL	ITEMI		;LINE NUMBER
   931  0527  fde5              GOSUB1:	PUSH	IY		;TEXT POINTER
   932  0529  cde00e            	CALL	CHECK		;CHECK ROOM
   933  052c  cd1005            	CALL	GOTO1		;SAVE MARKER
   934                          GOSCHK	EQU	$
   935                          ;
   936                          ;RETURN
   937                          ;
   938  052f  d1                RETURN:	POP	DE		;MARKER
   939  0530  212f05            	LD	HL,GOSCHK
   940  0533  b7                	OR	A
   941  0534  ed52              	SBC	HL,DE
   942  0536  fde1              	POP	IY
   943  0538  2830              	JR	Z,XEQGO2
   944  053a  3e26              	LD	A,38
   945  053c  18c7              	JR	ERROR2		;"No GOSUB"
   946                          ;
   947                          ;REPEAT
   948                          ;
   949  053e  fde5              REPEAT:	PUSH	IY
   950  0540  cde00e            	CALL	CHECK
   951  0543  cdf300            	CALL	XEQ
   952                          REPCHK	EQU	$
   953                          ;
   954                          ;UNTIL expr
   955                          ;
   956  0546  c1                UNTIL:	POP	BC
   957  0547  c5                	PUSH	BC
   958  0548  214605            	LD	HL,REPCHK
   959  054b  b7                	OR	A
   960  054c  ed42              	SBC	HL,BC
   961  054e  280b              	JR	Z,UNTIL1
   962  0550  3e03              	LD	A,3
   963  0552  cd8b10            	CALL	RESLOC
   964  0555  20ef              	JR	NZ,UNTIL
   965  0557  3e2b              	LD	A,43
   966  0559  18aa              	JR	ERROR2		;"Not in a REPEAT loop"
   967                          ;
   968  055b  cd0000            UNTIL1:	CALL	EXPRI
   969  055e  cd0000            	CALL	TEST
   970  0561  c1                	POP	BC
   971  0562  d1                	POP	DE
   972  0563  2005              	JR	NZ,XEQGO2		;TRUE
   973  0565  d5                	PUSH	DE
   974  0566  c5                	PUSH	BC
   975  0567  d5                	PUSH	DE
   976  0568  fde1              	POP	IY
   977  056a  c3f300            XEQGO2:	JP	XEQ
   978                          ;
   979                          ;FOR var = expr TO expr [STEP expr]
   980                          ;
   981  056d  cd060e            FOR:	CALL	ASSIGN
   982  0570  2091              	JR	NZ,FORVAR	;"FOR variable"
   983  0572  f5                	PUSH	AF		;SAVE TYPE
   984  0573  fd7e00            	LD	A,(IY)
   985  0576  feb8              	CP	TTO
   986  0578  3e24              	LD	A,36
   987  057a  2089              	JR	NZ,ERROR2	;"No TO"
   988  057c  fd23              	INC	IY
   989  057e  dde5              	PUSH	IX
   990  0580  cd0000            	CALL	EXPRN		;LIMIT
   991  0583  dde1              	POP	IX
   992  0585  f1                	POP	AF
   993  0586  47                	LD	B,A		;TYPE
   994  0587  c5                	PUSH	BC		;SAVE ON STACK
   995  0588  e5                	PUSH	HL
   996  0589  210000            	LD	HL,0
   997  058c  4c                	LD	C,H
   998  058d  d9                	EXX
   999  058e  e5                	PUSH	HL
  1000  058f  210100            	LD	HL,1		;PRESET STEP
  1001  0592  d9                	EXX
  1002  0593  fd7e00            	LD	A,(IY)
  1003  0596  fe88              	CP	TSTEP
  1004  0598  2009              	JR	NZ,FOR1
  1005  059a  fd23              	INC	IY
  1006  059c  dde5              	PUSH	IX
  1007  059e  cd0000            	CALL	EXPRN		;STEP
  1008  05a1  dde1              	POP	IX
  1009  05a3  0608              FOR1:	LD	B,8		;FPP '>'
  1010  05a5  cb7c              	BIT	7,H
  1011  05a7  2002              	JR	NZ,FOR2		;STEP SIGN
  1012  05a9  060c              	LD	B,12		;FPP '<'
  1013  05ab  c5                FOR2:	PUSH	BC
  1014  05ac  e5                	PUSH	HL
  1015  05ad  d9                	EXX
  1016  05ae  e5                	PUSH	HL
  1017  05af  d9                	EXX
  1018  05b0  fde5              	PUSH	IY		;SAVE TEXT POINTER
  1019  05b2  dde5              	PUSH	IX		;LOOP VARIABLE
  1020  05b4  cde00e            	CALL	CHECK
  1021  05b7  cdf300            	CALL	XEQ
  1022                          FORCHK	EQU	$
  1023                          ;
  1024                          ;NEXT [var[,var...]]
  1025                          ;
  1026  05ba  c1                NEXT:	POP	BC		;MARKER
  1027  05bb  21ba05            	LD	HL,FORCHK
  1028  05be  b7                	OR	A
  1029  05bf  ed42              	SBC	HL,BC
  1030  05c1  280c              	JR	Z,NEXT2
  1031  05c3  c5                	PUSH	BC
  1032  05c4  3e03              	LD	A,3
  1033  05c6  cd8b10            	CALL	RESLOC
  1034  05c9  20ef              	JR	NZ,NEXT
  1035  05cb  3e20              	LD	A,32
  1036  05cd  186a              	JR	ERROR3		;"Not in a FOR loop"
  1037                          ;
  1038  05cf  cd9011            NEXT2:	CALL	TERMQ
  1039  05d2  e1                	POP	HL
  1040  05d3  e5                	PUSH	HL
  1041  05d4  c5                	PUSH	BC
  1042  05d5  e5                	PUSH	HL
  1043  05d6  c40000            	CALL	NZ,GETVAR	;VARIABLE
  1044  05d9  d1                	POP	DE
  1045  05da  eb                	EX	DE,HL
  1046  05db  b7                	OR	A
  1047  05dc  ed52              NEXT0:	SBC	HL,DE
  1048  05de  2047              	JR	NZ,NEXT1
  1049  05e0  d5                	PUSH	DE
  1050  05e1  dd210800          	LD	IX,6+2
  1051  05e5  dd39              	ADD	IX,SP
  1052  05e7  cd0000            	CALL	DLOAD5		;STEP
  1053  05ea  dd7e0b            	LD	A,(IX+11)	;TYPE
  1054  05ed  dde1              	POP	IX
  1055  05ef  cd0000            	CALL	LOADN		;LOOP VARIABLE
  1056  05f2  f5                	PUSH	AF
  1057  05f3  3e0b              	LD	A,'+' & 0FH
  1058  05f5  cd0000            	CALL	FPP		;ADD STEP
  1059  05f8  383f              	JR	C,ERROR3
  1060  05fa  f1                	POP	AF		;RESTORE TYPE
  1061  05fb  cd460e            	CALL	STOREN		;UPDATE VARIABLE
  1062  05fe  dd210c00          	LD	IX,12
  1063  0602  dd39              	ADD	IX,SP
  1064  0604  cd0000            	CALL	DLOAD5		;LIMIT
  1065  0607  dd7eff            	LD	A,(IX-1)
  1066  060a  cd0000            	CALL	FPP		;TEST AGAINST LIMIT
  1067  060d  382a              	JR	C,ERROR3
  1068  060f  24                	INC	H
  1069  0610  200a              	JR	NZ,LOOP		;KEEP LOOPING
  1070  0612  211200            	LD	HL,18
  1071  0615  39                	ADD	HL,SP
  1072  0616  f9                	LD	SP,HL
  1073  0617  cd0000            	CALL	NLIST
  1074  061a  189e              	JR	NEXT
  1075                          ;
  1076  061c  c1                LOOP:	POP	BC
  1077  061d  d1                	POP	DE
  1078  061e  fde1              	POP	IY
  1079  0620  fde5              	PUSH	IY
  1080  0622  d5                	PUSH	DE
  1081  0623  c5                	PUSH	BC
  1082  0624  c3f300            	JP	XEQ
  1083                          ;
  1084  0627  211200            NEXT1:	LD	HL,18
  1085  062a  39                	ADD	HL,SP
  1086  062b  f9                	LD	SP,HL		;"POP" THE STACK
  1087  062c  c1                	POP	BC
  1088  062d  21ba05            	LD	HL,FORCHK
  1089  0630  ed42              	SBC	HL,BC
  1090  0632  e1                	POP	HL		;VARIABLE POINTER
  1091  0633  e5                	PUSH	HL
  1092  0634  c5                	PUSH	BC
  1093  0635  28a5              	JR	Z,NEXT0
  1094  0637  3e21              	LD	A,33
  1095  0639  c30000            ERROR3:	JP	ERROR		;"Can't match FOR"
  1096                          ;
  1097                          ;FNname
  1098                          ;N.B. ENTERED WITH A <> TON
  1099                          ;
  1100  063c  f5                FN:	PUSH	AF		;MAKE SPACE ON STACK
  1101  063d  cd4406            	CALL	PROC1
  1102                          FNCHK	EQU	$
  1103                          ;
  1104                          ;PROCname
  1105                          ;N.B. ENTERED WITH A = ON PROC FLAG
  1106                          ;
  1107  0640  f5                PROC:	PUSH	AF		;MAKE SPACE ON STACK
  1108  0641  cd4406            	CALL	PROC1
  1109                          PROCHK	EQU	$
  1110  0644  cde00e            PROC1:	CALL	CHECK
  1111  0647  fd2b              	DEC	IY
  1112  0649  fde5              	PUSH	IY
  1113  064b  cd0000            	CALL	GETDEF
  1114  064e  c1                	POP	BC
  1115  064f  2839              	JR	Z,PROC4
  1116  0651  3e1e              	LD	A,30
  1117  0653  38e4              	JR	C,ERROR3	;"Bad call"
  1118  0655  c5                	PUSH	BC
  1119  0656  2a0000            	LD	HL,(PAGE)
  1120  0659  3edd              PROC2:	LD	A,TDEF
  1121  065b  cd5512            	CALL	SEARCH		;LOOK FOR "DEF"
  1122  065e  3821              	JR	C,PROC3
  1123  0660  e5                	PUSH	HL
  1124  0661  fde1              	POP	IY
  1125  0663  fd23              	INC	IY		;SKIP DEF
  1126  0665  cd0000            	CALL	NXT
  1127  0668  cd0000            	CALL	GETDEF
  1128  066b  fde5              	PUSH	IY
  1129  066d  d1                	POP	DE
  1130  066e  3809              	JR	C,PROC6
  1131  0670  c40000            	CALL	NZ,CREATE
  1132  0673  fde5              	PUSH	IY
  1133  0675  d1                	POP	DE
  1134  0676  73                	LD	(HL),E
  1135  0677  23                	INC	HL
  1136  0678  72                	LD	(HL),D		;SAVE ADDRESS
  1137  0679  eb                PROC6:	EX	DE,HL
  1138  067a  3e0d              	LD	A,CR
  1139  067c  47                	LD	B,A
  1140  067d  edb1              	CPIR			;SKIP TO END OF LINE
  1141  067f  18d8              	JR	PROC2
  1142  0681  fde1              PROC3:	POP	IY		;RESTORE TEXT POINTER
  1143  0683  cd0000            	CALL	GETDEF
  1144  0686  3e1d              	LD	A,29
  1145  0688  20af              	JR	NZ,ERROR3	;"No such FN/PROC"
  1146  068a  5e                PROC4:	LD	E,(HL)
  1147  068b  23                	INC	HL
  1148  068c  56                	LD	D,(HL)		;GET ADDRESS
  1149  068d  210200            	LD	HL,2
  1150  0690  39                	ADD	HL,SP
  1151  0691  cd0000            	CALL	NXT		;ALLOW SPACE BEFORE (
  1152  0694  d5                	PUSH	DE		;EXCHANGE DE,IY
  1153  0695  fde3              	EX	(SP),IY
  1154  0697  d1                	POP	DE
  1155  0698  fe28              	CP	'('		;ARGUMENTS?
  1156  069a  c23e07            	JP	NZ,PROC5
  1157  069d  cd0000            	CALL	NXT		;ALLOW SPACE BEFORE (
  1158  06a0  fe28              	CP	'('
  1159  06a2  c23902            	JP	NZ,SYNTAX	;"Syntax error"
  1160  06a5  fde5              	PUSH	IY
  1161  06a7  c1                	POP	BC		;SAVE IY IN BC
  1162  06a8  d9                	EXX
  1163  06a9  08                	EX	AF,AF'
  1164  06aa  af                	XOR	A		;INITIALISE RETURN COUNT
  1165  06ab  08                	EX	AF,AF'
  1166  06ac  cd1811            	CALL	SAVLOC		;SAVE DUMMY VARIABLES
  1167  06af  08                	EX	AF,AF'
  1168  06b0  b7                	OR	A
  1169  06b1  2816              	JR	Z,RETCHK	;NO RETURNS
  1170  06b3  e5                	PUSH	HL
  1171  06b4  ed44              	NEG
  1172  06b6  6f                	LD	L,A
  1173  06b7  ed44              	NEG
  1174  06b9  26ff              	LD	H,-1		;HL = -RETURNS
  1175  06bb  29                	ADD	HL,HL
  1176  06bc  29                	ADD	HL,HL
  1177  06bd  29                	ADD	HL,HL		;-RETURNS * 8
  1178  06be  e3                	EX	(SP),HL
  1179  06bf  dde1              	POP	IX
  1180  06c1  dd39              	ADD	IX,SP
  1181  06c3  ddf9              	LD	SP,IX
  1182  06c5  f5                	PUSH	AF		;PUSH RETURN COUNT
  1183  06c6  cdc906            	CALL	RETCHK		;PUSH MARKER
  1184  06c9  08                RETCHK:	EX	AF,AF'
  1185  06ca  cd0000            	CALL	BRAKET		;CLOSING BRACKET
  1186  06cd  d9                	EXX
  1187  06ce  c5                	PUSH	BC
  1188  06cf  fde1              	POP	IY		;RESTORE IY
  1189  06d1  e5                	PUSH	HL
  1190  06d2  cd270f            	CALL	ARGUE		;TRANSFER ARGUMENTS
  1191  06d5  e1                	POP	HL
  1192                          ;
  1193                          ; If any of the dummy arguments is the same as a passed-by-reference
  1194                          ; variable, then it must not be restored on exit (it would overwrite
  1195                          ; the wanted returned values), therefore search the saved values on
  1196                          ; the stack and if a match is found set bit 4 of the type.  On exit
  1197                          ; from the FN/PROC this will prevent the dummies from being restored.
  1198                          ;
  1199  06d6  e3                	EX	(SP),HL
  1200  06d7  b7                	OR	A
  1201  06d8  01c906            	LD	BC,RETCHK
  1202  06db  ed42              	SBC	HL,BC
  1203  06dd  09                	ADD	HL,BC
  1204  06de  e3                	EX	(SP),HL
  1205  06df  205d              	JR	NZ,PROC5	;No RETURNs
  1206                          ;
  1207  06e1  d5                	PUSH	DE
  1208  06e2  e5                	PUSH	HL
  1209  06e3  210700            	LD	HL,7		;Skip two PUSHes and RETCHK
  1210  06e6  39                	ADD	HL,SP
  1211  06e7  7e                	LD	A,(HL)		;RETURN count
  1212  06e8  23                	INC	HL
  1213  06e9  e5                	PUSH	HL
  1214  06ea  dde1              	POP	IX		;Address RETURNs table
  1215  06ec  5f                PROC0:	LD	E,A
  1216  06ed  1600              	LD	D,0
  1217  06ef  eb                	EX	DE,HL
  1218  06f0  29                	ADD	HL,HL
  1219  06f1  29                	ADD	HL,HL
  1220  06f2  29                	ADD	HL,HL
  1221  06f3  19                	ADD	HL,DE		;HL addresses SAVLOC stack
  1222  06f4  23                	INC	HL
  1223  06f5  23                	INC	HL		;Bump past LOCCHK
  1224  06f6  5e                PROC7:	LD	E,(HL)
  1225  06f7  23                	INC	HL
  1226  06f8  56                	LD	D,(HL)		;DE = SAVLOC VARPTR
  1227  06f9  23                	INC	HL
  1228  06fa  4e                	LD	C,(HL)		;Length (if string)
  1229  06fb  23                	INC	HL
  1230  06fc  46                	LD	B,(HL)		;Variable type
  1231                          ;
  1232                          ; Scan RETURNs table for VARPTR match
  1233                          ;
  1234  06fd  c5                	PUSH	BC		;Save type
  1235  06fe  e5                	PUSH	HL
  1236  06ff  dde5              	PUSH	IX
  1237  0701  47                	LD	B,A		;B = RETURN count
  1238  0702  dd6e04            PROC8:	LD	L,(IX+4)
  1239  0705  dd6605            	LD	H,(IX+5)	;HL = RETURNed VARPTR
  1240  0708  b7                	OR	A
  1241  0709  ed52              	SBC	HL,DE
  1242  070b  2809              	JR	Z,PROC9
  1243  070d  eb                	EX	DE,HL
  1244  070e  110800            	LD	DE,8
  1245  0711  dd19              	ADD	IX,DE
  1246  0713  eb                	EX	DE,HL
  1247  0714  10ec              	DJNZ	PROC8
  1248  0716  dde1              PROC9:	POP	IX
  1249  0718  e1                	POP	HL
  1250  0719  c1                	POP	BC		;Restore type
  1251                          ;
  1252                          ; If match, set bit 4 of type:
  1253                          ;
  1254  071a  2002              	JR	NZ,PROCA
  1255  071c  cbe6              	SET	4,(HL)		;Flag don't restore
  1256                          ;
  1257                          ; Increment past stacked data:
  1258                          ;
  1259  071e  110300            PROCA:	LD	DE,3
  1260  0721  cb70              	BIT	6,B
  1261  0723  2008              	JR	NZ,PROCB	;Whole array
  1262  0725  1e05              	LD	E,5
  1263  0727  cb78              	BIT	7,B
  1264  0729  2802              	JR	Z,PROCB		;Numeric
  1265  072b  59                	LD	E,C
  1266  072c  13                	INC	DE
  1267  072d  19                PROCB:	ADD	HL,DE
  1268  072e  4e                	LD	C,(HL)
  1269  072f  23                	INC	HL
  1270  0730  46                	LD	B,(HL)
  1271  0731  23                	INC	HL		; BC = marker ?
  1272  0732  eb                	EX	DE,HL
  1273  0733  218411            	LD	HL,LOCCHK
  1274  0736  b7                	OR	A
  1275  0737  ed42              	SBC	HL,BC
  1276  0739  eb                	EX	DE,HL
  1277  073a  28ba              	JR	Z,PROC7		;Another
  1278  073c  e1                	POP	HL
  1279  073d  d1                	POP	DE
  1280                          ;
  1281  073e  73                PROC5:	LD	(HL),E		;SAVE "RETURN ADDRESS"
  1282  073f  23                	INC	HL
  1283  0740  7e                	LD	A,(HL)
  1284  0741  72                	LD	(HL),D
  1285  0742  feee              	CP	TON		;WAS IT "ON PROC" ?
  1286  0744  200c              	JR	NZ,XEQGO
  1287  0746  d5                	PUSH	DE
  1288  0747  fde3              	EX	(SP),IY
  1289  0749  cd9c11            	CALL	SPAN		;SKIP REST OF ON LIST
  1290  074c  fde3              	EX	(SP),IY
  1291  074e  d1                	POP	DE
  1292  074f  72                	LD	(HL),D
  1293  0750  2b                	DEC	HL
  1294  0751  73                	LD	(HL),E
  1295  0752  c3f300            XEQGO:	JP	XEQ
  1296                          ;
  1297  0755  fd23              LOCERR:	INC	IY
  1298  0757  18f9              	JR	XEQGO
  1299                          ;
  1300                          ;LOCAL DATA
  1301                          ;
  1302  0759  fd23              LOCDAT:	INC	IY
  1303  075b  2a0000            	LD	HL,(DATPTR)
  1304  075e  e5                	PUSH	HL
  1305  075f  3e40              	LD	A,40H
  1306  0761  f5                	PUSH	AF
  1307  0762  210000            	LD	HL,DATPTR
  1308  0765  e5                	PUSH	HL
  1309  0766  218411            	LD	HL,LOCCHK
  1310  0769  e5                	PUSH	HL
  1311  076a  18e6              	JR	XEQGO
  1312                          ;
  1313                          ;LOCAL var[,var...]
  1314                          ;
  1315  076c  fe85              LOCAL:	CP	TERROR
  1316  076e  28e5              	JR	Z,LOCERR
  1317  0770  fedc              	CP	TDATA
  1318  0772  28e5              	JR	Z,LOCDAT
  1319  0774  c1                	POP	BC
  1320  0775  c5                	PUSH	BC
  1321  0776  214006            	LD	HL,FNCHK
  1322  0779  b7                	OR	A
  1323  077a  ed42              	SBC	HL,BC
  1324  077c  2823              	JR	Z,LOCAL1
  1325  077e  214406            	LD	HL,PROCHK
  1326  0781  b7                	OR	A
  1327  0782  ed42              	SBC	HL,BC
  1328  0784  281b              	JR	Z,LOCAL1
  1329  0786  218411            	LD	HL,LOCCHK
  1330  0789  b7                	OR	A
  1331  078a  ed42              	SBC	HL,BC
  1332  078c  2813              	JR	Z,LOCAL1
  1333  078e  213503            	LD	HL,ARRCHK
  1334  0791  b7                	OR	A
  1335  0792  ed42              	SBC	HL,BC
  1336  0794  280b              	JR	Z,LOCAL1
  1337  0796  21c906            	LD	HL,RETCHK
  1338  0799  b7                	OR	A
  1339  079a  ed42              	SBC	HL,BC
  1340  079c  3e0c              	LD	A,12
  1341  079e  c20000            	JP	NZ,ERROR	;"Not LOCAL"
  1342  07a1  fde5              LOCAL1:	PUSH	IY
  1343  07a3  c1                	POP	BC
  1344  07a4  d9                	EXX
  1345  07a5  fd2b              	DEC	IY
  1346  07a7  cd1811            	CALL	SAVLOC
  1347  07aa  d9                	EXX
  1348  07ab  c5                	PUSH	BC
  1349  07ac  fde1              	POP	IY
  1350  07ae  cd0000            LOCAL2:	CALL	GETVAR
  1351  07b1  c23902            	JP	NZ,SYNTAX
  1352  07b4  cb77              	BIT	6,A		;ARRAY?
  1353  07b6  2014              	JR	NZ,LOCAL4
  1354  07b8  b7                	OR	A		;TYPE
  1355  07b9  08                	EX	AF,AF'
  1356  07ba  cd0000            	CALL	ZERO
  1357  07bd  08                	EX	AF,AF'
  1358  07be  f5                	PUSH	AF
  1359  07bf  f4460e            	CALL	P,STOREN	;ZERO
  1360  07c2  f1                	POP	AF
  1361  07c3  59                	LD	E,C
  1362  07c4  fc9b0e            	CALL	M,STORES
  1363  07c7  cd0000            LOCAL3:	CALL	NLIST
  1364  07ca  18e2              	JR	LOCAL2
  1365                          ;
  1366  07cc  dd360001          LOCAL4:	LD	(IX+0),1	;FLAG LOCAL ARRAY
  1367  07d0  dd360100          	LD	(IX+1),0
  1368  07d4  18f1              	JR	LOCAL3
  1369                          ;
  1370                          ;ENDPROC
  1371                          ;
  1372  07d6  c1                ENDPRO:	POP	BC
  1373  07d7  214406            	LD	HL,PROCHK	;PROC MARKER
  1374  07da  af                	XOR	A
  1375  07db  ed42              	SBC	HL,BC
  1376  07dd  280b              	JR	Z,ENDPR1
  1377  07df  c5                	PUSH	BC		;PUT BACK
  1378  07e0  cd8b10            	CALL	RESLOC
  1379  07e3  20f1              	JR	NZ,ENDPRO
  1380  07e5  3e0d              	LD	A,13
  1381  07e7  c30000            	JP	ERROR		;"No PROC"
  1382                          ;
  1383  07ea  fde1              ENDPR1:	POP	IY
  1384  07ec  c3f300            XEQGO6:	JP	XEQ
  1385                          ;
  1386                          ;INPUT #channel,var,var...
  1387                          ;
  1388  07ef  cd3513            INPUTN:	CALL	CHNL		;E = CHANNEL NUMBER
  1389  07f2  cd0000            INPN1:	CALL	NLIST
  1390  07f5  d5                	PUSH	DE
  1391  07f6  cd2f02            	CALL	VAR
  1392  07f9  d1                	POP	DE
  1393  07fa  f5                	PUSH	AF		;SAVE TYPE
  1394  07fb  e5                	PUSH	HL		;VARPTR
  1395  07fc  b7                	OR	A
  1396  07fd  fa2208            	JP	M,INPN2		;STRING
  1397  0800  cd0000            	CALL	OSBGET
  1398  0803  d9                	EXX
  1399  0804  6f                	LD	L,A
  1400  0805  d9                	EXX
  1401  0806  cd0000            	CALL	OSBGET
  1402  0809  d9                	EXX
  1403  080a  67                	LD	H,A
  1404  080b  d9                	EXX
  1405  080c  cd0000            	CALL	OSBGET
  1406  080f  6f                	LD	L,A
  1407  0810  cd0000            	CALL	OSBGET
  1408  0813  67                	LD	H,A
  1409  0814  cd0000            	CALL	OSBGET
  1410  0817  4f                	LD	C,A
  1411  0818  dde1              	POP	IX
  1412  081a  f1                	POP	AF		;RESTORE TYPE
  1413  081b  d5                	PUSH	DE		;SAVE CHANNEL
  1414  081c  cd460e            	CALL	STOREN
  1415  081f  d1                	POP	DE
  1416  0820  18d0              	JR	INPN1
  1417  0822  210000            INPN2:	LD	HL,ACCS
  1418  0825  cd0000            INPN3:	CALL	OSBGET
  1419  0828  fe0d              	CP	CR
  1420  082a  2804              	JR	Z,INPN4
  1421  082c  77                	LD	(HL),A
  1422  082d  2c                	INC	L
  1423  082e  20f5              	JR	NZ,INPN3
  1424  0830  dde1              INPN4:	POP	IX
  1425  0832  f1                	POP	AF
  1426  0833  d5                	PUSH	DE
  1427  0834  eb                	EX	DE,HL
  1428  0835  cd980e            	CALL	STACCS
  1429  0838  d1                	POP	DE
  1430  0839  18b7              	JR	INPN1
  1431                          ;
  1432                          ;INPUT ['][SPC(x)][TAB(x[,y])]["prompt",]var[,var...]
  1433                          ;INPUT LINE [SPC(x)][TAB(x[,y])]["prompt",]var[,var...]
  1434                          ;
  1435  083b  fe23              INPUT:	CP	'#'
  1436  083d  28b0              	JR	Z,INPUTN
  1437  083f  0e00              	LD	C,0		;FLAG PROMPT
  1438  0841  fe86              	CP	TLINE
  1439  0843  2004              	JR	NZ,INPUT0
  1440  0845  fd23              	INC	IY		;SKIP "LINE"
  1441  0847  0e80              	LD	C,80H
  1442  0849  210000            INPUT0:	LD	HL,BUFFER
  1443  084c  360d              	LD	(HL),CR		;INITIALISE EMPTY
  1444  084e  cd9011            INPUT1:	CALL	TERMQ
  1445  0851  2899              	JR	Z,XEQGO6	;DONE
  1446  0853  fd23              	INC	IY
  1447  0855  fe2c              	CP	','
  1448  0857  2851              	JR	Z,INPUT3	;SKIP COMMA
  1449  0859  fe3b              	CP	';'
  1450  085b  284d              	JR	Z,INPUT3
  1451  085d  e5                	PUSH	HL		;SAVE BUFFER POINTER
  1452  085e  fe22              	CP	'"'
  1453  0860  200a              	JR	NZ,INPUT6
  1454  0862  c5                	PUSH	BC
  1455  0863  cd0000            	CALL	CONS
  1456  0866  c1                	POP	BC
  1457  0867  cd0b12            	CALL	PTEXT		;PRINT PROMPT
  1458  086a  1805              	JR	INPUT9
  1459  086c  cdb611            INPUT6:	CALL	FORMAT		;SPC, TAB, '
  1460  086f  2005              	JR	NZ,INPUT2
  1461  0871  e1                INPUT9:	POP	HL
  1462  0872  cbc1              	SET	0,C		;FLAG NO PROMPT
  1463  0874  18d3              	JR	INPUT0
  1464  0876  fd2b              INPUT2:	DEC	IY
  1465  0878  c5                	PUSH	BC
  1466  0879  cd2f02            	CALL	VAR
  1467  087c  c1                	POP	BC
  1468  087d  e1                	POP	HL
  1469  087e  f5                	PUSH	AF		;SAVE TYPE
  1470  087f  7e                	LD	A,(HL)
  1471  0880  23                	INC	HL
  1472  0881  fe0d              	CP	CR		;BUFFER EMPTY?
  1473  0883  ccae08            	CALL	Z,REFILL
  1474  0886  cb79              	BIT	7,C
  1475  0888  f5                	PUSH	AF
  1476  0889  c42912            	CALL	NZ,LINES
  1477  088c  f1                	POP	AF
  1478  088d  cc1812            	CALL	Z,FETCHS
  1479  0890  f1                	POP	AF		;RESTORE TYPE
  1480  0891  c5                	PUSH	BC
  1481  0892  e5                	PUSH	HL
  1482  0893  b7                	OR	A
  1483  0894  faa508            	JP	M,INPUT4	;STRING
  1484  0897  f5                	PUSH	AF
  1485  0898  dde5              	PUSH	IX
  1486  089a  cd0000            	CALL	VAL0
  1487  089d  dde1              	POP	IX
  1488  089f  f1                	POP	AF
  1489  08a0  cd460e            	CALL	STOREN
  1490  08a3  1803              	JR	INPUT5
  1491  08a5  cd980e            INPUT4:	CALL	STACCS
  1492  08a8  e1                INPUT5:	POP	HL
  1493  08a9  c1                	POP	BC
  1494  08aa  cb81              INPUT3:	RES	0,C
  1495  08ac  18a0              	JR	INPUT1
  1496                          ;
  1497  08ae  cb41              REFILL:	BIT	0,C
  1498  08b0  200a              	JR	NZ,REFIL0	;NO PROMPT
  1499  08b2  3e3f              	LD	A,'?'
  1500  08b4  cd0000            	CALL	OUTCHR		;PROMPT
  1501  08b7  3e20              	LD	A,' '
  1502  08b9  cd0000            	CALL	OUTCHR
  1503  08bc  210000            REFIL0:	LD	HL,BUFFER
  1504  08bf  c5                	PUSH	BC
  1505  08c0  e5                	PUSH	HL
  1506  08c1  dde5              	PUSH	IX
  1507  08c3  cd0000            	CALL	OSLINE
  1508  08c6  dde1              	POP	IX
  1509  08c8  e1                	POP	HL
  1510  08c9  c1                	POP	BC
  1511  08ca  47                	LD	B,A		;POS AT ENTRY
  1512  08cb  af                	XOR	A
  1513  08cc  320000            	LD	(COUNT),A
  1514  08cf  b8                	CP	B
  1515  08d0  c8                	RET	Z
  1516  08d1  7e                REFIL1:	LD	A,(HL)
  1517  08d2  fe0d              	CP	CR
  1518  08d4  c8                	RET	Z
  1519  08d5  23                	INC	HL
  1520  08d6  10f9              	DJNZ	REFIL1
  1521  08d8  c9                	RET
  1522                          ;
  1523                          ;READ var[,var...]
  1524                          ;
  1525  08d9  fe23              READ:	CP	'#'
  1526  08db  caef07            	JP	Z,INPUTN
  1527  08de  2a0000            	LD	HL,(DATPTR)
  1528  08e1  7e                READ0:	LD	A,(HL)
  1529  08e2  fe3a              	CP	':'
  1530  08e4  ccd108            	CALL	Z,REFIL1
  1531  08e7  23                	INC	HL		;SKIP COMMA OR "DATA"
  1532  08e8  fe0d              	CP	CR		;END OF DATA STMT?
  1533  08ea  cc1909            	CALL	Z,GETDAT
  1534  08ed  e5                	PUSH	HL
  1535  08ee  cd2f02            	CALL	VAR
  1536  08f1  e1                	POP	HL
  1537  08f2  b7                	OR	A
  1538  08f3  fa0909            	JP	M,READ1		;STRING
  1539  08f6  e5                	PUSH	HL
  1540  08f7  fde3              	EX	(SP),IY
  1541  08f9  f5                	PUSH	AF		;SAVE TYPE
  1542  08fa  dde5              	PUSH	IX
  1543  08fc  cd0000            	CALL	EXPRN
  1544  08ff  dde1              	POP	IX
  1545  0901  f1                	POP	AF
  1546  0902  cd460e            	CALL	STOREN
  1547  0905  fde3              	EX	(SP),IY
  1548  0907  1807              	JR	READ2
  1549  0909  cd1812            READ1:	CALL	FETCHS
  1550  090c  e5                	PUSH	HL
  1551  090d  cd980e            	CALL	STACCS
  1552  0910  e1                READ2:	POP	HL
  1553  0911  220000            	LD	(DATPTR),HL
  1554  0914  cd0000            	CALL	NLIST
  1555  0917  18c8              	JR	READ0
  1556                          ;
  1557  0919  cd5312            GETDAT:	CALL	DSRCH
  1558  091c  23                	INC	HL
  1559  091d  d0                	RET	NC
  1560  091e  3e2a              	LD	A,42
  1561  0920  1864              	JR	ERROR4		;"Out of DATA"
  1562                          ;
  1563                          ;IF expr statement
  1564                          ;IF expr THEN statement [ELSE statement]
  1565                          ;IF expr THEN line [ELSE line]
  1566                          ;IF expr THEN
  1567                          ;
  1568  0922  cd0000            IF:	CALL	EXPRI
  1569  0925  cd0000            	CALL	TEST
  1570  0928  282a              	JR	Z,IFNOT		;FALSE
  1571  092a  fd7e00            	LD	A,(IY)
  1572  092d  fe8c              	CP	TTHEN
  1573  092f  c2f300            	JP	NZ,XEQ
  1574  0932  fd23              IF0:	INC	IY		;SKIP "THEN"
  1575  0934  fd7e00            	LD	A,(IY)
  1576  0937  fe3b              	CP	';'
  1577  0939  28f7              	JR	Z,IF0
  1578  093b  cd0000            IF1:	CALL	NXT
  1579  093e  fe8d              	CP	TLINO
  1580  0940  c2f300            	JP	NZ,XEQ		;STATEMENT FOLLOWS
  1581  0943  c30d05            	JP	GOTO		;LINE NO. FOLLOWS
  1582                          ;
  1583  0946  fd7e00            IFELSE:	LD	A,(IY)
  1584  0949  fd23              	INC	IY
  1585  094b  fe3b              	CP	';'
  1586  094d  200a              	JR	NZ,IFNEXT
  1587  094f  181e              	JR	IFTHEN
  1588                          ;
  1589  0951  cdf312            IF2:	CALL	QUOTE		;SKIP STRING
  1590  0954  fd7e00            IFNOT:	LD	A,(IY)
  1591  0957  fd23              	INC	IY
  1592  0959  fe22              IFNEXT:	CP	'"'
  1593  095b  28f4              	JR	Z,IF2		;QUOTED STRING
  1594  095d  fef4              	CP	TREM
  1595  095f  ca8b01            	JP	Z,REM		;REM
  1596  0962  fe0d              	CP	CR
  1597  0964  cade00            	JP	Z,XEQ0		;END OF LINE
  1598  0967  fe8b              	CP	TELSE
  1599  0969  28d0              	JR	Z,IF1		;ELSE CLAUSE
  1600  096b  fe8c              	CP	TTHEN
  1601  096d  20e5              	JR	NZ,IFNOT	;TRY FOR END AGAIN
  1602  096f  fd7e00            IFTHEN:	LD	A,(IY)
  1603  0972  fe0d              	CP	CR
  1604  0974  20d0              	JR	NZ,IFELSE
  1605  0976  018b00            	LD	BC,TELSE
  1606  0979  118ccd            	LD	DE,TENDIF*256+TTHEN
  1607  097c  fd23              	INC	IY
  1608  097e  cd6b12            	CALL	NSCAN
  1609  0981  cafa00            	JP	Z,XEQ1
  1610  0984  3e31              NENDIF:	LD	A,49
  1611  0986  c30000            ERROR4:	JP	ERROR		;"Missing ENDIF"
  1612                          ;
  1613                          ; ELSE (multi-line)
  1614                          ;
  1615  0989  01fdff            MELSE:	LD	BC,-3
  1616  098c  fd09              	ADD	IY,BC
  1617  098e  01cd00            	LD	BC,TENDIF
  1618  0991  118ccd            	LD	DE,TENDIF*256+TTHEN
  1619  0994  cd6b12            	CALL	NSCAN
  1620  0997  20eb              	JR	NZ,NENDIF
  1621  0999  c3f300            XEQGO7:	JP	XEQ
  1622                          ;
  1623                          ; WHEN and OTHERWISE:
  1624                          ;
  1625  099c  01fdff            WHEN:	LD	BC,-3
  1626  099f  fd09              	ADD	IY,BC
  1627  09a1  01cb00            	LD	BC,TENDCASE
  1628  09a4  11cacb            	LD	DE,TENDCASE*256+TOF
  1629  09a7  cd6b12            	CALL	NSCAN
  1630  09aa  28ed              	JR	Z,XEQGO7
  1631  09ac  3e2f              	LD	A,47
  1632  09ae  18d6              	JR	ERROR4		;"Missing ENDCASE"
  1633                          ;
  1634                          ; CASE
  1635                          ;
  1636  09b0  cd0000            CASE:	CALL	EXPR		;String or numeric
  1637  09b3  08                	EX	AF,AF'
  1638  09b4  0600              	LD	B,0		;Flag numeric
  1639  09b6  f2bf09            	JP	P,CASE6		;numeric
  1640  09b9  cd0000            	CALL	PUSHS		;put string on stack
  1641  09bc  c1                	POP	BC		;C = length
  1642  09bd  0601              	LD	B,1		;Flag string
  1643  09bf  fd7e00            CASE6:	LD	A,(IY)
  1644  09c2  fd23              	INC	IY
  1645  09c4  feca              	CP	TOF
  1646  09c6  3e25              	LD	A,37
  1647  09c8  20bc              	JR	NZ,ERROR4	;"Missing OF"
  1648  09ca  fd7e00            	LD	A,(IY)
  1649  09cd  fd23              	INC	IY		;Address line-length byte
  1650  09cf  fe0d              	CP	CR
  1651  09d1  3e30              	LD	A,48
  1652  09d3  20b1              	JR	NZ,ERROR4	;"OF not last"
  1653  09d5  af                CASE1:	XOR	A		;Level
  1654  09d6  d9                CASE0:	EXX
  1655  09d7  e5                	PUSH	HL		;Push to stack
  1656  09d8  d9                	EXX
  1657  09d9  e5                	PUSH	HL
  1658  09da  c5                	PUSH	BC
  1659  09db  6f                	LD	L,A		;Level
  1660  09dc  01c9cc            	LD	BC,TOTHERWISE*256+TWHEN
  1661  09df  11cacb             	LD	DE,TENDCASE*256+TOF
  1662  09e2  cd6d12            	CALL	NSCAN1
  1663  09e5  c1                	POP	BC		;Restore from stack
  1664  09e6  e1                	POP	HL
  1665  09e7  d9                	EXX
  1666  09e8  e1                	POP	HL
  1667  09e9  d9                	EXX
  1668  09ea  3e2f              	LD	A,47
  1669  09ec  c20000            	JP	NZ,ERROR	;Missing ENDCASE
  1670  09ef  fd7eff            	LD	A,(IY-1)
  1671  09f2  fecb              	CP	TENDCASE
  1672  09f4  2856              	JR	Z,CASE9
  1673  09f6  fecc              	CP	TOTHERWISE
  1674  09f8  2852              	JR	Z,CASE9
  1675  09fa  cb40              CASE4:	BIT	0,B		;Numeric or string?
  1676  09fc  2069              	JR	NZ,CASE3
  1677  09fe  c5                	PUSH	BC		;Type/exponent/length
  1678  09ff  e5                	PUSH	HL		;MS 32 bits
  1679  0a00  d9                	EXX
  1680  0a01  e5                	PUSH	HL		;LS 32 bits
  1681  0a02  d9                	EXX
  1682  0a03  cd0000            	CALL	EXPRN
  1683  0a06  dd210000          	LD	IX,0
  1684  0a0a  dd39              	ADD	IX,SP		;Address stack
  1685  0a0c  d9                	EXX
  1686  0a0d  dd5e00            	LD	E,(IX+0)	;Get LS 32-bits
  1687  0a10  dd5601            	LD	D,(IX+1)
  1688  0a13  d9                	EXX
  1689  0a14  dd5e02            	LD	E,(IX+2)
  1690  0a17  dd5603            	LD	D,(IX+3)	;Get MS 32-bits
  1691  0a1a  dd4604            	LD	B,(IX+4)	;Get exponent
  1692  0a1d  3e09              	LD	A,9
  1693  0a1f  cd0000            	CALL	FPP		;In case integer vs float
  1694  0a22  7d                	LD	A,L
  1695  0a23  b7                	OR	A		;NZ if equal
  1696  0a24  d9                	EXX
  1697  0a25  e1                	POP	HL
  1698  0a26  d9                	EXX
  1699  0a27  e1                	POP	HL
  1700  0a28  c1                	POP	BC
  1701  0a29  202c              	JR	NZ,CASE5	;Match found
  1702  0a2b  fd7e00            CASE2:	LD	A,(IY)
  1703  0a2e  fd23              	INC	IY
  1704  0a30  fe2c              	CP	','
  1705  0a32  28c6              	JR	Z,CASE4		;Not found, try another
  1706  0a34  d9                	EXX
  1707  0a35  fde5              	PUSH	IY
  1708  0a37  e3                	EX	(SP),HL
  1709  0a38  3e0d              	LD	A,CR
  1710  0a3a  47                	LD	B,A
  1711  0a3b  edb1              	CPIR			;Find CR
  1712  0a3d  e3                	EX	(SP),HL
  1713  0a3e  fde1              	POP	IY
  1714  0a40  d9                	EXX
  1715  0a41  fd7efe            	LD	A,(IY-2)	;Last token in previous line
  1716  0a44  feca              	CP	TOF		;CASE statement in WHEN line
  1717  0a46  208d              	JR	NZ,CASE1
  1718  0a48  3e01              	LD	A,1
  1719  0a4a  188a              	JR	CASE0
  1720                          ;
  1721                          ;Finished, level stack if string:
  1722                          ;
  1723  0a4c  cb40              CASE9:	BIT	0,B
  1724  0a4e  2849              	JR	Z,XEQGO5
  1725  0a50  2600              	LD	H,0
  1726  0a52  69                	LD	L,C
  1727  0a53  39                	ADD	HL,SP
  1728  0a54  f9                	LD	SP,HL
  1729  0a55  1842              	JR	XEQGO5
  1730                          ;
  1731                          ;Matched, so skip any more expressions:
  1732                          ;
  1733  0a57  cd0000            CASE5:	CALL	NXT
  1734  0a5a  fe2c              	CP	','
  1735  0a5c  20ee              	JR	NZ,CASE9	;End of list
  1736  0a5e  fd23              	INC	IY
  1737  0a60  c5                	PUSH	BC		;Save type and string length
  1738  0a61  cd0000            	CALL	EXPR		;Evaluate but discard
  1739  0a64  c1                	POP	BC
  1740  0a65  18f0              	JR	CASE5
  1741                          ;
  1742                          ;String compare:
  1743                          ;
  1744  0a67  c5                CASE3:	PUSH	BC
  1745  0a68  cd0000            	CALL	EXPRS
  1746  0a6b  c1                	POP	BC
  1747  0a6c  210000            	LD	HL,0
  1748  0a6f  39                	ADD	HL,SP
  1749  0a70  43                	LD	B,E
  1750  0a71  110000            	LD	DE,ACCS
  1751  0a74  c5                	PUSH	BC
  1752  0a75  cd0000            	CALL	SCP		;String compare
  1753  0a78  c1                	POP	BC
  1754  0a79  0601              	LD	B,1
  1755  0a7b  20ae              	JR	NZ,CASE2
  1756  0a7d  18d8              	JR	CASE5
  1757                          ;
  1758                          ; WHILE
  1759                          ;
  1760  0a7f  fde5              WHILE:	PUSH	IY		;Save current position
  1761  0a81  cde00e            	CALL	CHECK
  1762  0a84  cd870a            	CALL	WHICHK		;Push marker
  1763  0a87  cd0000            WHICHK:	CALL	EXPRI
  1764  0a8a  cd0000            	CALL	TEST
  1765  0a8d  200a              	JR	NZ,XEQGO5
  1766  0a8f  c1                	POP	BC		;Pop marker
  1767  0a90  c1                	POP	BC		;Level stack
  1768  0a91  01c7ce            	LD	BC,TWHILE+TENDWHILE*256
  1769  0a94  1601              	LD	D,1
  1770  0a96  cdaa12            	CALL	WSRCH
  1771  0a99  c3f300            XEQGO5:	JP	XEQ
  1772                          ;
  1773                          ; ENDWHILE
  1774                          ;
  1775  0a9c  c1                ENDWHI:	POP	BC		;Marker
  1776  0a9d  d1                	POP	DE		;Saved text pointer
  1777  0a9e  d5                	PUSH	DE
  1778  0a9f  c5                	PUSH	BC
  1779  0aa0  b7                	OR	A
  1780  0aa1  21870a            	LD	HL,WHICHK
  1781  0aa4  ed42              	SBC	HL,BC
  1782  0aa6  280b              	JR	Z,ENDWH1
  1783  0aa8  3e03              	LD	A,3
  1784  0aaa  cd8b10            	CALL	RESLOC
  1785  0aad  20ed              	JR	NZ,ENDWHI
  1786  0aaf  3e2e              	LD	A,46
  1787  0ab1  1852              	JR	ERROR5		;"Not in a WHILE loop"
  1788                          ;
  1789  0ab3  fde5              ENDWH1:	PUSH	IY
  1790  0ab5  fd210000          	LD	IY,0
  1791  0ab9  fd19              	ADD	IY,DE
  1792  0abb  cd0000            	CALL	EXPRI
  1793  0abe  cd0000            	CALL	TEST
  1794  0ac1  d1                	POP	DE		;Text pointer
  1795  0ac2  20d5              	JR	NZ,XEQGO5
  1796  0ac4  c1                	POP	BC		;Junk marker
  1797  0ac5  c1                	POP	BC		;Junk pointer
  1798  0ac6  fd210000          	LD	IY,0
  1799  0aca  fd19              	ADD	IY,DE
  1800  0acc  18cb              	JR	XEQGO5
  1801                          ;
  1802                          ;CLS
  1803                          ;
  1804  0ace  cd0000            CLS:	CALL	CLRSCN
  1805  0ad1  af                	XOR	A
  1806  0ad2  320000            	LD	(COUNT),A
  1807  0ad5  18c2              	JR	XEQGO5
  1808                          ;
  1809                          ;STOP
  1810                          ;
  1811  0ad7  cd0000            STOP:	CALL	TELL
  1812  0ada  0d                	DEFB	CR
  1813  0adb  0a                	DEFB	LF
  1814  0adc  fa                	DEFB	TSTOP
  1815  0add  00                	DEFB	0
  1816  0ade  cd0000            	CALL	SETLIN		;FIND CURRENT LINE
  1817  0ae1  cd0000            	CALL	SAYLN
  1818  0ae4  cd0000            	CALL	CRLF
  1819  0ae7  c30000            	JP	CLOOP
  1820                          ;
  1821                          ;REPORT
  1822                          ;
  1823  0aea  cd0000            REPOR:	CALL	REPORT
  1824  0aed  18aa              	JR	XEQGO5
  1825                          ;
  1826                          ;CLEAR
  1827                          ;
  1828  0aef  cd0000            CLR:	CALL	CLEAR
  1829  0af2  2a0000            	LD	HL,(PAGE)
  1830  0af5  183b              	JR	RESTR1
  1831                          ;
  1832                          ;RESTORE DATA / ERROR / LOCAL
  1833                          ;
  1834  0af7  fd23              RESDEL:	INC	IY		;Skip DATA / ERROR / LOCAL
  1835  0af9  79                	LD	A,C		;Save error code
  1836  0afa  08                	EX	AF,AF'
  1837  0afb  78                	LD	A,B		;1=DATA, 2=ERROR, 0=LOCAL
  1838  0afc  cd8b10            	CALL	RESLOC
  1839  0aff  2098              	JR	NZ,XEQGO5
  1840  0b01  08                	EX	AF,AF'		;Get error code
  1841  0b02  21                	DEFB	21H
  1842  0b03  3e29              NOLINE:	LD	A,41		;'No such line'
  1843  0b05  c30000            ERROR5:	JP	ERROR
  1844                          ;
  1845                          ;RESTORE [line | +n | DATA | ERROR | LOCAL]
  1846                          ;
  1847  0b08  fe85              RESTOR:	CP	TERROR
  1848  0b0a  013502            	LD	BC,200H + 53	;'ON ERROR not LOCAL'
  1849  0b0d  28e8              	JR	Z,RESDEL
  1850  0b0f  fedc              	CP	TDATA
  1851  0b11  013601            	LD	BC,100H + 54	;'DATA not LOCAL'
  1852  0b14  28e1              	JR	Z,RESDEL
  1853  0b16  feea              	CP	TLOCAL
  1854  0b18  010c00            	LD	BC,12		;'Not in a FN or PROC'
  1855  0b1b  28da              	JR	Z,RESDEL
  1856  0b1d  fe2b              	CP	'+'
  1857  0b1f  281a              	JR	Z,RESREL
  1858  0b21  2a0000            	LD	HL,(PAGE)
  1859  0b24  cd9011            	CALL	TERMQ
  1860  0b27  2809              	JR	Z,RESTR1
  1861  0b29  cd0000            	CALL	ITEMI
  1862  0b2c  d9                	EXX
  1863  0b2d  cd0000            	CALL	FINDL		;SEARCH FOR LINE
  1864  0b30  20d1              	JR	NZ,NOLINE
  1865  0b32  cd5312            RESTR1:	CALL	DSRCH
  1866  0b35  220000            	LD	(DATPTR),HL
  1867  0b38  c3f300            	JP	XEQ
  1868                          ;
  1869  0b3b  cd0000            RESREL:	CALL	EXPRI
  1870  0b3e  d9                	EXX
  1871  0b3f  eb                	EX	DE,HL
  1872  0b40  fde5              	PUSH	IY
  1873  0b42  e1                	POP	HL
  1874  0b43  3e0d              	LD	A,CR
  1875  0b45  47                	LD	B,A
  1876  0b46  edb1              	CPIR			;FIND LINE END
  1877  0b48  1d                	DEC	E
  1878  0b49  28e7              	JR	Z,RESTR1
  1879  0b4b  fa320b            	JP	M,RESTR1
  1880  0b4e  af                	XOR	A
  1881  0b4f  47                	LD	B,A
  1882  0b50  4e                RESTR2:	LD	C,(HL)
  1883  0b51  b9                	CP	C
  1884  0b52  28af              	JR	Z,NOLINE
  1885  0b54  09                	ADD	HL,BC
  1886  0b55  1d                	DEC	E
  1887  0b56  20f8              	JR	NZ,RESTR2
  1888  0b58  18d8              	JR	RESTR1
  1889                          ;
  1890                          ;PTR#channel=expr
  1891                          ;PAGE=expr
  1892                          ;TIME=expr
  1893                          ;LOMEM=expr
  1894                          ;HIMEM=expr
  1895                          ;
  1896  0b5a  cd2b13            PTR:	CALL	CHANEL
  1897  0b5d  cda911            	CALL	EQUALS
  1898  0b60  7b                	LD	A,E
  1899  0b61  f5                	PUSH	AF
  1900  0b62  cd0000            	CALL	EXPRI
  1901  0b65  e5                	PUSH	HL
  1902  0b66  d9                	EXX
  1903  0b67  d1                	POP	DE
  1904  0b68  f1                	POP	AF
  1905  0b69  cd0000            	CALL	PUTPTR
  1906  0b6c  1861              	JR	XEQGO1
  1907                          ;
  1908  0b6e  cda911            PAGEV:	CALL	EQUALS
  1909  0b71  cd0000            	CALL	EXPRI
  1910  0b74  d9                	EXX
  1911  0b75  2e00              	LD	L,0
  1912  0b77  220000            	LD	(PAGE),HL
  1913  0b7a  1853              	JR	XEQGO1
  1914                          ;
  1915  0b7c  fe24              TIMEV:	CP	'$'
  1916  0b7e  280e              	JR	Z,TIMEVS
  1917  0b80  cda911            	CALL	EQUALS
  1918  0b83  cd0000            	CALL	EXPRI
  1919  0b86  e5                	PUSH	HL
  1920  0b87  d9                	EXX
  1921  0b88  d1                	POP	DE
  1922  0b89  cd0000            	CALL	PUTIME
  1923  0b8c  1841              	JR	XEQGO1
  1924                          ;
  1925  0b8e  fd23              TIMEVS:	INC	IY		;SKIP '$'
  1926  0b90  cda911            	CALL	EQUALS
  1927  0b93  cd0000            	CALL	EXPRS
  1928  0b96  cd0000            	CALL	PUTIMS
  1929  0b99  1834              	JR	XEQGO1
  1930                          ;
  1931  0b9b  cda911            LOMEMV:	CALL	EQUALS
  1932  0b9e  cd0000            	CALL	EXPRI
  1933  0ba1  cd0000            	CALL	CLEAR
  1934  0ba4  d9                	EXX
  1935  0ba5  220000            	LD	(LOMEM),HL
  1936  0ba8  220000            	LD	(FREE),HL
  1937  0bab  1822              	JR	XEQGO1
  1938                          ;
  1939  0bad  cda911            HIMEMV:	CALL	EQUALS
  1940  0bb0  cd0000            	CALL	EXPRI
  1941  0bb3  d9                	EXX
  1942  0bb4  ed5b0000          	LD	DE,(FREE)
  1943  0bb8  14                	INC	D
  1944  0bb9  af                	XOR	A
  1945  0bba  ed52              	SBC	HL,DE
  1946  0bbc  19                	ADD	HL,DE
  1947  0bbd  da0000            	JP	C,ERROR		;"No room"
  1948  0bc0  ed5b0000          	LD	DE,(HIMEM)
  1949  0bc4  220000            	LD	(HIMEM),HL
  1950  0bc7  eb                	EX	DE,HL
  1951  0bc8  ed72              	SBC	HL,SP
  1952  0bca  c2f300            	JP	NZ,XEQ
  1953  0bcd  eb                	EX	DE,HL
  1954  0bce  f9                	LD	SP,HL		;LOAD STACK POINTER
  1955  0bcf  c3f300            XEQGO1:	JP	XEQ
  1956                          ;
  1957                          ;WIDTH expr
  1958                          ;
  1959  0bd2  cd0000            WIDTHV:	CALL	EXPRI
  1960  0bd5  d9                	EXX
  1961  0bd6  7d                	LD	A,L
  1962  0bd7  320000            	LD	(WIDTH),A
  1963  0bda  18f3              	JR	XEQGO1
  1964                          ;
  1965                          ;TRACE ON
  1966                          ;TRACE OFF
  1967                          ;TRACE line
  1968                          ;
  1969  0bdc  fd23              TRACE:	INC	IY
  1970  0bde  210000            	LD	HL,0
  1971  0be1  feee              	CP	TON
  1972  0be3  280a              	JR	Z,TRACE0
  1973  0be5  fe87              	CP	TOFF
  1974  0be7  2807              	JR	Z,TRACE1
  1975  0be9  fd2b              	DEC	IY
  1976  0beb  cd0000            	CALL	EXPRI
  1977  0bee  d9                	EXX
  1978  0bef  2b                TRACE0:	DEC	HL
  1979  0bf0  220000            TRACE1:	LD	(TRACEN),HL
  1980  0bf3  18da              	JR	XEQGO1
  1981                          ;
  1982                          ;VDU expr,expr;....[|]
  1983                          ;
  1984  0bf5  cd0000            VDU:	CALL	EXPRI
  1985  0bf8  d9                	EXX
  1986  0bf9  7d                	LD	A,L
  1987  0bfa  0601              	LD	B,1
  1988  0bfc  cd0000            VDU1:	CALL	OSWRCH
  1989  0bff  10fb              	DJNZ	VDU1
  1990  0c01  fd7e00            	LD	A,(IY)
  1991  0c04  fe7c              	CP	'|'
  1992  0c06  2815              	JR	Z,VDU4
  1993  0c08  fe2c              	CP	','
  1994  0c0a  2808              	JR	Z,VDU2
  1995  0c0c  fe3b              	CP	';'
  1996  0c0e  2006              	JR	NZ,VDU3
  1997  0c10  7c                	LD	A,H
  1998  0c11  cd0000            	CALL	OSWRCH
  1999  0c14  fd23              VDU2:	INC	IY
  2000  0c16  cd9011            VDU3:	CALL	TERMQ
  2001  0c19  20da              	JR	NZ,VDU
  2002  0c1b  18b2              	JR	XEQGO1
  2003                          ;
  2004  0c1d  fd23              VDU4:	INC	IY
  2005  0c1f  af                	XOR	A
  2006  0c20  0609              	LD	B,9
  2007  0c22  18d8              	JR	VDU1
  2008                          ;
  2009                          ;CLOSE channel number
  2010                          ;
  2011  0c24  cd2b13            CLOSE:	CALL	CHANEL
  2012  0c27  cd0000            	CALL	OSSHUT
  2013  0c2a  18a3              	JR	XEQGO1
  2014                          ;
  2015                          ;BPUT #channel,byte
  2016                          ;BPUT #channel,string[;]
  2017                          ;
  2018  0c2c  cd2b13            BPUT:	CALL	CHANEL		;CHANNEL NUMBER
  2019  0c2f  d5                	PUSH	DE
  2020  0c30  cd0000            	CALL	COMMA
  2021  0c33  cd0000            	CALL	EXPR
  2022  0c36  08                	EX	AF,AF'
  2023  0c37  fa450c            	JP	M,BPUTS
  2024  0c3a  cd0000            	CALL	SFIX
  2025  0c3d  d9                	EXX
  2026  0c3e  7d                	LD	A,L
  2027  0c3f  d1                	POP	DE
  2028  0c40  cd0000            BPUT1:	CALL	OSBPUT
  2029  0c43  188a              BPUTX:	JR	XEQGO1
  2030                          ;
  2031  0c45  7b                BPUTS:	LD	A,E
  2032  0c46  d1                	POP	DE
  2033  0c47  57                	LD	D,A
  2034  0c48  210000            	LD	HL,ACCS
  2035  0c4b  b7                	OR	A
  2036  0c4c  2808              	JR	Z,BPUTS0
  2037  0c4e  7e                BPUTS1:	LD	A,(HL)
  2038  0c4f  23                	INC	HL
  2039  0c50  cd0000            	CALL	OSBPUT
  2040  0c53  15                	DEC	D
  2041  0c54  20f8              	JR	NZ,BPUTS1
  2042  0c56  cd0000            BPUTS0:	CALL	NXT
  2043  0c59  fe3b              	CP	';'
  2044  0c5b  3e0a              	LD	A,LF
  2045  0c5d  20e1              	JR	NZ,BPUT1
  2046  0c5f  fd23              	INC	IY
  2047  0c61  18e0              	JR	BPUTX
  2048                          ;
  2049                          ;CALL address[,var[,var...]]
  2050                          ;
  2051  0c63  cd0000            CALL:	CALL	EXPRI		;ADDRESS
  2052  0c66  d9                	EXX
  2053  0c67  e5                	PUSH	HL		;SAVE IT
  2054  0c68  0600              	LD	B,0		;PARAMETER COUNTER
  2055  0c6a  110000            	LD	DE,BUFFER	;VECTOR
  2056  0c6d  cd0000            CALL1:	CALL	NXT
  2057  0c70  fe2c              	CP	','
  2058  0c72  2017              	JR	NZ,CALL2
  2059  0c74  fd23              	INC	IY
  2060  0c76  04                	INC	B
  2061  0c77  cd0000            	CALL	NXT
  2062  0c7a  c5                	PUSH	BC
  2063  0c7b  d5                	PUSH	DE
  2064  0c7c  cd2f02            	CALL	VAR
  2065  0c7f  d1                	POP	DE
  2066  0c80  c1                	POP	BC
  2067  0c81  13                	INC	DE
  2068  0c82  12                	LD	(DE),A		;PARAMETER TYPE
  2069  0c83  13                	INC	DE
  2070  0c84  eb                	EX	DE,HL
  2071  0c85  73                	LD	(HL),E		;PARAMETER ADDRESS
  2072  0c86  23                	INC	HL
  2073  0c87  72                	LD	(HL),D
  2074  0c88  eb                	EX	DE,HL
  2075  0c89  18e2              	JR	CALL1
  2076  0c8b  78                CALL2:	LD	A,B
  2077  0c8c  320000            	LD	(BUFFER),A	;PARAMETER COUNT
  2078  0c8f  e1                	POP	HL		;RESTORE ADDRESS
  2079  0c90  cd9a0c            	CALL	USR1
  2080  0c93  c3f300            	JP	XEQ
  2081                          ;
  2082                          ;USR(address)
  2083                          ;
  2084  0c96  cd0000            USR:	CALL	ITEMI
  2085  0c99  d9                	EXX
  2086  0c9a  e5                USR1:	PUSH	HL		;ADDRESS ON STACK
  2087  0c9b  fde3              	EX	(SP),IY
  2088  0c9d  24                	INC	H		;PAGE &FF?
  2089  0c9e  21c90c            	LD	HL,USR2		;RETURN ADDRESS
  2090  0ca1  e5                	PUSH	HL
  2091  0ca2  dd210000          	LD	IX,STAVAR
  2092  0ca6  cc0000            	CALL	Z,OSCALL	;INTERCEPT PAGE &FF
  2093  0ca9  dd4e18            	LD	C,(IX+24)
  2094  0cac  c5                	PUSH	BC
  2095  0cad  f1                	POP	AF		;LOAD FLAGS
  2096  0cae  dd7e04            	LD	A,(IX+4)	;LOAD Z80 REGISTERS
  2097  0cb1  dd4608            	LD	B,(IX+8)
  2098  0cb4  dd4e0c            	LD	C,(IX+12)
  2099  0cb7  dd5610            	LD	D,(IX+16)
  2100  0cba  dd5e14            	LD	E,(IX+20)
  2101  0cbd  dd6620            	LD	H,(IX+32)
  2102  0cc0  dd6e30            	LD	L,(IX+48)
  2103  0cc3  dd210000          	LD	IX,BUFFER
  2104  0cc7  fde9              	JP	(IY)		;OFF TO USER ROUTINE
  2105  0cc9  fde1              USR2:	POP	IY
  2106  0ccb  af                	XOR	A
  2107  0ccc  4f                	LD	C,A
  2108  0ccd  c9                	RET
  2109                          ;
  2110                          ; LEFT$(A$[,N]) = string
  2111                          ; MID$(A$,N[,M]) = string
  2112                          ; RIGHT$(A$[,N]) = string
  2113                          ;
  2114  0cce  cd1702            LEFTSL: CALL    GETSTR
  2115  0cd1  2100ff            	LD	HL,0FF00H	;Default all but last
  2116  0cd4  2048              	JR	NZ,MIDSL1
  2117  0cd6  1826              	JR	MIDSL0
  2118                          ;
  2119  0cd8  cd1702            RITESL: CALL	GETSTR
  2120  0cdb  21ffff            	LD	HL,0FFFFH	;Default last char only
  2121  0cde  203e              	JR	NZ,MIDSL1
  2122  0ce0  181c              	JR	MIDSL0
  2123                          ;
  2124  0ce2  cd1702            MIDSL:	CALL	GETSTR
  2125  0ce5  3e05              	LD	A,5
  2126  0ce7  c20000            	JP	NZ,ERROR	;'Missing comma'
  2127  0cea  fd23              	INC	IY
  2128  0cec  dde5              	PUSH	IX
  2129  0cee  cd0000            	CALL	EXPRI
  2130  0cf1  dde1              	POP	IX
  2131  0cf3  d9                	EXX
  2132  0cf4  cd0000            	CALL	NXT
  2133  0cf7  2d                	DEC	L
  2134  0cf8  26fe              	LD	H,254		;Default rest of string
  2135  0cfa  fe2c              	CP	','
  2136  0cfc  2020              	JR	NZ,MIDSL1
  2137  0cfe  fd23              MIDSL0:	INC	IY
  2138  0d00  e5                	PUSH	HL
  2139  0d01  dde5              	PUSH	IX
  2140  0d03  cd0000            	CALL	EXPRI
  2141  0d06  dde1              	POP	IX
  2142  0d08  d9                	EXX
  2143  0d09  7d                	LD	A,L
  2144  0d0a  e1                	POP	HL
  2145  0d0b  b7                	OR	A
  2146  0d0c  280d              	JR	Z,MIDSL2	;Zero length
  2147  0d0e  3d                	DEC	A
  2148  0d0f  85                	ADD	A,L
  2149  0d10  67                	LD	H,A
  2150  0d11  300b              	JR	NC,MIDSL1
  2151  0d13  7d                	LD	A,L
  2152  0d14  3c                	INC	A
  2153  0d15  2807              	JR	Z,MIDSL1
  2154  0d17  26fe              	LD	H,254
  2155  0d19  1803              	JR	MIDSL1
  2156                          ;
  2157  0d1b  210100            MIDSL2:	LD	HL,1
  2158  0d1e  cd0000            MIDSL1:	CALL	BRAKET
  2159  0d21  cda911            	CALL	EQUALS
  2160  0d24  e5                	PUSH	HL
  2161  0d25  dde5              	PUSH	IX
  2162  0d27  cd0000            	CALL	EXPRS
  2163  0d2a  dde1              	POP	IX
  2164  0d2c  e1                	POP	HL
  2165  0d2d  4b                	LD	C,E
  2166  0d2e  dd4600            	LD	B,(IX+0)
  2167  0d31  dd5e02            	LD	E,(IX+2)
  2168  0d34  dd5603            	LD	D,(IX+3)
  2169                          ;
  2170                          ; Source string at ACCS, length C
  2171                          ; Destination string at DE, length B
  2172                          ; L = first character to modify 0-254
  2173                          ; H =  last character to modify 0-254
  2174                          ; IF L=255 THEN modify rightmost H + 2 chars
  2175                          ; ELSE IF H=255 modify all but last character
  2176                          ; ELSE IF L > H do nothing
  2177                          ; IX = destination VARPTR
  2178                          ;
  2179  0d37  7d                	LD	A,L
  2180  0d38  3c                	INC	A
  2181  0d39  200f              	JR	NZ,SUBSL1
  2182  0d3b  24                	INC	H
  2183  0d3c  24                	INC	H
  2184  0d3d  79                	LD	A,C
  2185  0d3e  bc                	CP	H
  2186  0d3f  3001              	JR	NC,SUBSL0
  2187  0d41  67                	LD	H,A
  2188  0d42  78                SUBSL0:	LD	A,B
  2189  0d43  94                	SUB	H
  2190  0d44  3001              	JR	NC,SUBSL6
  2191  0d46  af                	XOR	A
  2192  0d47  6f                SUBSL6:	LD	L,A
  2193  0d48  1812              	JR	SUBSL5
  2194                          ;
  2195  0d4a  7c                SUBSL1:	LD	A,H
  2196  0d4b  3c                	INC	A
  2197  0d4c  2006              	JR	NZ,SUBSL2
  2198  0d4e  78                	LD	A,B
  2199  0d4f  d602              	SUB	2
  2200  0d51  3824              	JR	C,SUBSL9
  2201  0d53  67                	LD	H,A
  2202  0d54  7d                SUBSL2:	LD	A,L
  2203  0d55  b8                	CP	B
  2204  0d56  301f              	JR	NC,SUBSL9
  2205  0d58  7c                	LD	A,H
  2206  0d59  b8                	CP	B
  2207  0d5a  3803              	JR	C,SUBSL3
  2208  0d5c  78                SUBSL5:	LD	A,B
  2209  0d5d  3d                	DEC	A
  2210  0d5e  67                	LD	H,A
  2211  0d5f  7c                SUBSL3:	LD	A,H
  2212  0d60  95                	SUB	L
  2213  0d61  3814              	JR	C,SUBSL9
  2214  0d63  3c                	INC	A
  2215  0d64  b9                	CP	C
  2216  0d65  3801              	JR	C,SUBSL4
  2217  0d67  79                	LD	A,C
  2218  0d68  0600              SUBSL4:	LD	B,0
  2219  0d6a  60                	LD	H,B
  2220  0d6b  4f                	LD	C,A
  2221  0d6c  b7                	OR	A
  2222  0d6d  2808              	JR	Z,SUBSL9
  2223  0d6f  eb                	EX	DE,HL
  2224  0d70  19                	ADD	HL,DE
  2225  0d71  eb                	EX	DE,HL
  2226  0d72  210000            	LD	HL,ACCS
  2227  0d75  edb0              	LDIR
  2228  0d77  c3f300            SUBSL9:	JP	XEQ
  2229                          ;
  2230                          ; EXIT FOR [var]
  2231                          ; EXIT REPEAT
  2232                          ; EXIT WHILE
  2233                          ;
  2234  0d7a  fd23              EXIT:	INC	IY		;Skip FOR/REPEAT/WHILE
  2235  0d7c  fee3              	CP	TFOR
  2236  0d7e  200c              	JR	NZ,EXIT0
  2237  0d80  dd210000          	LD	IX,0		;For EXIT FOR <var>
  2238  0d84  cd9011            	CALL	TERMQ
  2239  0d87  c40000            	CALL	NZ,GETVAR
  2240  0d8a  3ee3              	LD	A,TFOR
  2241  0d8c  1601              EXIT0:	LD	D,1		;Level for WSRCH
  2242  0d8e  5f                	LD	E,A
  2243  0d8f  7b                EXIT1:	LD	A,E
  2244  0d90  c1                	POP	BC		;Marker
  2245  0d91  21ba05            	LD	HL,FORCHK
  2246  0d94  b7                	OR	A
  2247  0d95  ed42              	SBC	HL,BC
  2248  0d97  2825              	JR	Z,EXIT4
  2249  0d99  214605            	LD	HL,REPCHK
  2250  0d9c  b7                	OR	A
  2251  0d9d  ed42              	SBC	HL,BC
  2252  0d9f  2838              	JR	Z,EXIT6
  2253  0da1  21870a            	LD	HL,WHICHK
  2254  0da4  b7                	OR	A
  2255  0da5  ed42              	SBC	HL,BC
  2256  0da7  283a              	JR	Z,EXIT7
  2257  0da9  c5                	PUSH	BC		;Put back marker
  2258  0daa  dde5              	PUSH	IX
  2259  0dac  c1                	POP	BC
  2260  0dad  d9                	EXX
  2261  0dae  3e03              	LD	A,3
  2262  0db0  cd8b10            	CALL	RESLOC
  2263  0db3  d9                	EXX
  2264  0db4  c5                	PUSH	BC
  2265  0db5  dde1              	POP	IX
  2266  0db7  20d6              	JR	NZ,EXIT1
  2267  0db9  3e2c              	LD	A,44
  2268  0dbb  c30000            	JP	ERROR		;'Bad EXIT'
  2269                          ;
  2270  0dbe  c1                EXIT4:	POP	BC		;VARPTR
  2271  0dbf  210e00            	LD	HL,14		;Skip text pointer, limit & step
  2272  0dc2  39                	ADD	HL,SP
  2273  0dc3  f9                	LD	SP,HL		;Pop FOR record
  2274  0dc4  fee3              	CP	TFOR
  2275  0dc6  20c7              	JR	NZ,EXIT1
  2276  0dc8  dde5              	PUSH	IX
  2277  0dca  e1                	POP	HL
  2278  0dcb  7c                	LD	A,H
  2279  0dcc  b5                	OR	L
  2280  0dcd  2802              	JR	Z,EXIT5
  2281  0dcf  ed42              	SBC	HL,BC
  2282  0dd1  01e3ed            EXIT5:	LD	BC,TFOR+TNEXT*256
  2283  0dd4  2815              	JR	Z,EXIT8
  2284  0dd6  14                	INC	D		;Count nested FOR loops
  2285  0dd7  18b6              	JR	EXIT1
  2286                          ;
  2287  0dd9  c1                EXIT6:	POP	BC		;Text pointer
  2288  0dda  fef5              	CP	TREPEAT
  2289  0ddc  20b1              	JR	NZ,EXIT1
  2290  0dde  01f5fd            	LD	BC,TREPEAT+TUNTIL*256
  2291  0de1  1808              	JR	EXIT8
  2292                          ;
  2293  0de3  c1                EXIT7:	POP	BC		;Text pointer
  2294  0de4  fec7              	CP	TWHILE
  2295  0de6  20a7              	JR	NZ,EXIT1
  2296  0de8  01c7ce            	LD	BC,TWHILE+TENDWHILE*256
  2297  0deb  cdaa12            EXIT8:	CALL	WSRCH
  2298  0dee  cd9c11            	CALL	SPAN		;Skip UNTIL expression
  2299  0df1  c3f300            	JP	XEQ
  2300                          ;
  2301                          ;PUT port,data
  2302                          ;
  2303  0df4  cd0000            PUT:	CALL	EXPRI		;PORT ADDRESS
  2304  0df7  d9                	EXX
  2305  0df8  e5                	PUSH	HL
  2306  0df9  cd0000            	CALL	COMMA
  2307  0dfc  cd0000            	CALL	EXPRI		;DATA
  2308  0dff  d9                	EXX
  2309  0e00  c1                	POP	BC
  2310  0e01  ed69              	OUT	(C),L		;OUTPUT TO PORT BC
  2311  0e03  c3f300            	JP	XEQ
  2312                          ;
  2313                          ;SUBROUTINES:
  2314                          ;
  2315                          ;ASSIGN - Assign a numeric value to a variable.
  2316                          ;Outputs: NC,  Z     - OK, numeric scalar
  2317                          ;         NC, NZ, PE - OK, string array  (D = type, E = operator)
  2318                          ; else if NC, NZ, P  - OK, numeric array (D = type, E = operator)
  2319                          ; else if NC, NZ     - OK, string scalar
  2320                          ;          C, NZ     - illegal / invalid
  2321                          ;
  2322  0e06  cd0000            ASSIGN:	CALL	GETVAR		;VARIABLE
  2323  0e09  d8                	RET	C		;ILLEGAL VARIABLE
  2324  0e0a  c40000            	CALL	NZ,PUTVAR
  2325  0e0d  57                	LD	D,A		;Type
  2326  0e0e  cd0000            	CALL	NXT
  2327  0e11  fd23              	INC	IY
  2328  0e13  5f                	LD	E,A		;Operator (or =)
  2329  0e14  fe3d              	CP	'='
  2330  0e16  c4a911            	CALL	NZ,EQUALS
  2331  0e19  7a                	LD	A,D
  2332  0e1a  e6c0              	AND	11000000B
  2333  0e1c  c0                	RET	NZ		;String or array
  2334  0e1d  d5                	PUSH	DE
  2335  0e1e  e5                	PUSH	HL
  2336  0e1f  cd0000            	CALL	EXPRN
  2337  0e22  dde1              	POP	IX
  2338  0e24  d1                	POP	DE
  2339                          ;
  2340                          ; Falls through to...
  2341                          ;
  2342                          ; MODIFY - Update numeric variable according to operator:
  2343                          ;   Inputs: D = type
  2344                          ;           E = operator
  2345                          ;           HLH'L'C = value
  2346                          ;           IX = destination VARPTR
  2347                          ; Destroys: Everything except IX,IY,SP
  2348                          ;
  2349  0e25  7b                MODIFY:	LD	A,E
  2350  0e26  fe3d              	CP	'='
  2351  0e28  281b              	JR	Z,STORE0	;Simple assignment
  2352  0e2a  d5                	PUSH	DE
  2353  0e2b  d9                	EXX
  2354  0e2c  eb                	EX	DE,HL
  2355  0e2d  d9                	EXX
  2356  0e2e  eb                	EX	DE,HL
  2357  0e2f  41                	LD	B,C
  2358  0e30  e3                	EX	(SP),HL
  2359  0e31  7c                	LD	A,H
  2360  0e32  e3                	EX	(SP),HL
  2361  0e33  cd0000            	CALL	LOADN
  2362  0e36  e3                	EX	(SP),HL
  2363  0e37  7d                	LD	A,L
  2364  0e38  e3                	EX	(SP),HL
  2365  0e39  e60f              	AND	15
  2366  0e3b  dde5              	PUSH	IX
  2367  0e3d  cd0000            	CALL	FPP
  2368  0e40  dde1              	POP	IX
  2369  0e42  d1                	POP	DE
  2370  0e43  3842              	JR	C,ERRORC
  2371  0e45  7a                STORE0:	LD	A,D		;Type
  2372  0e46  fe05              STOREN:	CP	5
  2373  0e48  2812              	JR	Z,STORE5
  2374  0e4a  f5                	PUSH	AF
  2375  0e4b  0c                	INC	C		;SPEED - & PRESERVE F'
  2376  0e4c  0d                	DEC	C		; WHEN CALLED BY FNEND0
  2377  0e4d  c40000            	CALL	NZ,SFIX		;CONVERT TO INTEGER
  2378  0e50  f1                	POP	AF
  2379  0e51  fe04              	CP	4
  2380  0e53  280a              	JR	Z,STORE4
  2381  0e55  bf                	CP	A		;SET ZERO
  2382  0e56  d9                STORE1:	EXX
  2383  0e57  dd7500            	LD	(IX+0),L
  2384  0e5a  d9                	EXX
  2385  0e5b  c9                	RET
  2386                          ;
  2387  0e5c  dd7104            STORE5:	LD	(IX+4),C
  2388  0e5f  d9                STORE4:	EXX
  2389  0e60  dd7500            	LD	(IX+0),L
  2390  0e63  dd7401            	LD	(IX+1),H
  2391  0e66  d9                	EXX
  2392  0e67  dd7502            	LD	(IX+2),L
  2393  0e6a  dd7403            	LD	(IX+3),H
  2394  0e6d  c9                	RET
  2395                          ;
  2396                          ; MODIFS - Update string variable according to operator:
  2397                          ;   Inputs: H = type
  2398                          ;           L = operator (= or +)
  2399                          ;           E = string length (string in accumulator)
  2400                          ;           IX = destination VARPTR
  2401                          ; Destroys: Everything except SP, IY
  2402                          ;
  2403  0e6e  7d                MODIFS:	LD	A,L		;Operator
  2404  0e6f  fe2b              	CP	'+'
  2405  0e71  7c                	LD	A,H			;Type
  2406  0e72  2024              	JR	NZ,STACCS
  2407  0e74  dde5              	PUSH	IX
  2408  0e76  fde3              	EX	(SP),IY
  2409  0e78  cd0000            	CALL	PUSHS
  2410  0e7b  fde5              	PUSH	IY
  2411  0e7d  dde1              	POP	IX
  2412  0e7f  cd0000            	CALL	LOADS
  2413  0e82  c1                	POP	BC
  2414  0e83  7b                	LD	A,E
  2415  0e84  81                	ADD	C
  2416  0e85  3e13              	LD	A,19		;String too long
  2417  0e87  3861              ERRORC:	JR	C,ERROR6
  2418  0e89  78                	LD	A,B		;Type
  2419  0e8a  0c                	INC	C
  2420  0e8b  0d                	DEC	C
  2421  0e8c  2808              	JR	Z,MODFS1	;Zero length
  2422  0e8e  210000            	LD	HL,0
  2423  0e91  44                	LD	B,H
  2424  0e92  39                	ADD	HL,SP
  2425  0e93  edb0              	LDIR
  2426  0e95  f9                	LD	SP,HL
  2427  0e96  fde1              MODFS1:	POP	IY
  2428                          ;
  2429                          ; Falls through to:
  2430                          ;
  2431  0e98  210000            STACCS:	LD	HL,ACCS
  2432  0e9b  1f                STORES:	RRA
  2433  0e9c  304f              	JR	NC,STORS3	;FIXED STRING
  2434  0e9e  e5                	PUSH	HL
  2435  0e9f  cd0000            	CALL	LOAD4
  2436  0ea2  7b                	LD	A,E		;LENGTH OF STRING
  2437  0ea3  d9                	EXX
  2438  0ea4  6f                	LD	L,A
  2439  0ea5  7c                	LD	A,H		;LENGTH ALLOCATED
  2440  0ea6  d9                	EXX
  2441  0ea7  bb                	CP	E
  2442  0ea8  3024              	JR	NC,STORS1	;ENOUGH ROOM
  2443  0eaa  d9                	EXX
  2444  0eab  65                	LD	H,L
  2445  0eac  d9                	EXX
  2446  0ead  e5                	PUSH	HL
  2447  0eae  0600              	LD	B,0
  2448  0eb0  4f                	LD	C,A
  2449  0eb1  09                	ADD	HL,BC
  2450  0eb2  ed4b0000          	LD	BC,(FREE)
  2451  0eb6  ed42              	SBC	HL,BC		;IS STRING LAST?
  2452  0eb8  e1                	POP	HL
  2453  0eb9  2812              	JR	Z,STORS0
  2454  0ebb  60                	LD	H,B
  2455  0ebc  69                	LD	L,C		;DESTINATION
  2456                          ;
  2457  0ebd  b7                	OR	A		;V5 optimisation
  2458  0ebe  280d              	JR	Z,STORS0
  2459  0ec0  7b                	LD	A,E
  2460  0ec1  5f                STORS2:	LD	E,A
  2461  0ec2  1d                	DEC	E
  2462  0ec3  a3                	AND	E
  2463  0ec4  20fb              	JR	NZ,STORS2
  2464  0ec6  37                	SCF
  2465  0ec7  cb13              	RL	E
  2466  0ec9  7b                	LD	A,E
  2467  0eca  d9                	EXX
  2468  0ecb  67                	LD	H,A
  2469  0ecc  d9                	EXX
  2470                          ;
  2471  0ecd  37                STORS0:	SCF
  2472  0ece  cd5f0e            STORS1:	CALL	STORE4		;PRESERVES CARRY!
  2473  0ed1  0600              	LD	B,0
  2474  0ed3  4b                	LD	C,E
  2475  0ed4  eb                	EX	DE,HL
  2476  0ed5  e1                	POP	HL
  2477  0ed6  0d                	DEC	C
  2478  0ed7  0c                	INC	C
  2479  0ed8  c8                	RET	Z		;NULL STRING
  2480  0ed9  edb0              	LDIR
  2481  0edb  d0                	RET	NC		;STRING REPLACED
  2482  0edc  ed530000          	LD	(FREE),DE
  2483  0ee0  e5                CHECK:	PUSH	HL
  2484  0ee1  2a0000            	LD	HL,(FREE)
  2485  0ee4  24                	INC	H
  2486  0ee5  ed72              	SBC	HL,SP
  2487  0ee7  e1                	POP	HL
  2488  0ee8  d8                	RET	C
  2489  0ee9  af                	XOR	A
  2490  0eea  c30000            ERROR6:	JP	ERROR		;"No room"
  2491                          ;
  2492  0eed  4b                STORS3:	LD	C,E
  2493  0eee  dde5              	PUSH	IX
  2494  0ef0  d1                	POP	DE
  2495  0ef1  af                	XOR	A
  2496  0ef2  47                	LD	B,A
  2497  0ef3  b9                	CP	C
  2498  0ef4  2802              	JR	Z,STORS5
  2499  0ef6  edb0              	LDIR
  2500  0ef8  3e0d              STORS5:	LD	A,CR
  2501  0efa  12                	LD	(DE),A
  2502  0efb  c9                	RET
  2503                          ;
  2504                          ; SAVRET - SAVE 'RETURNed' PARAMETER INFO
  2505                          ;
  2506  0efc  dd7500            SAVRET:	LD	(IX+0),L		;Formal VARPTR
  2507  0eff  dd7401            	LD	(IX+1),H
  2508  0f02  dd7702            	LD	(IX+2),A
  2509  0f05  fde3              	EX	(SP),IY
  2510  0f07  f5                	PUSH	AF
  2511  0f08  fde5              	PUSH	IY
  2512  0f0a  dde5              	PUSH	IX
  2513  0f0c  cd0000            	CALL	NXT
  2514  0f0f  cd2f02            	CALL	VAR
  2515  0f12  dde1              	POP	IX
  2516  0f14  dd7504            	LD	(IX+4),L		;Actual VARPTR
  2517  0f17  dd7405            	LD	(IX+5),H
  2518  0f1a  dd7706            	LD	(IX+6),A
  2519  0f1d  fde1              	POP	IY
  2520  0f1f  f1                	POP	AF
  2521  0f20  010800            	LD	BC,8
  2522  0f23  dd09              	ADD	IX,BC
  2523  0f25  182d              	JR	ARGUE0
  2524                          ;
  2525                          ;ARGUE: TRANSFER FN OR PROC ARGUMENTS FROM THE
  2526                          ; CALLING STATEMENT TO THE DUMMY VARIABLES VIA
  2527                          ; THE STACK.  IT MUST BE DONE THIS WAY TO MAKE
  2528                          ; PROCFRED(A,B)    DEF PROCFRED(B,A)     WORK.
  2529                          ;   Inputs: DE addresses parameter list
  2530                          ;           IY addresses dummy variable list
  2531                          ;           IX addresses RETURNed parameter data block
  2532                          ;  Outputs: DE,IY updated
  2533                          ; Destroys: Everything
  2534                          ;
  2535  0f27  3eff              ARGUE:	LD	A,-1
  2536  0f29  f5                	PUSH	AF		;PUT MARKER ON STACK
  2537  0f2a  fd23              ARGUE1:	INC	IY		;BUMP PAST ( OR ,
  2538  0f2c  13                	INC	DE
  2539  0f2d  d5                	PUSH	DE
  2540  0f2e  0600              	LD	B,0
  2541  0f30  cd0000            	CALL	NXT
  2542  0f33  fef8              	CP	TRETURN
  2543  0f35  2006              	JR	NZ,ARGUE9
  2544  0f37  fd23              	INC	IY		;SKIP 'RETURN'
  2545  0f39  cd0000            	CALL	NXT
  2546  0f3c  04                	INC	B		;FLAG 'RETURN'
  2547  0f3d  c5                ARGUE9:	PUSH	BC
  2548  0f3e  dde5              	PUSH	IX
  2549  0f40  cd0000            	CALL	GETVAR		;FORMAL PARAMETER
  2550  0f43  3849              	JR	C,ARGERR
  2551  0f45  c40000            	CALL	NZ,PUTVAR
  2552  0f48  dde1              	POP	IX
  2553  0f4a  c1                	POP	BC
  2554  0f4b  d1                	POP	DE
  2555  0f4c  e5                	PUSH	HL		;VARPTR
  2556  0f4d  f5                	PUSH	AF
  2557  0f4e  d5                	PUSH	DE
  2558  0f4f  05                	DEC	B
  2559  0f50  28aa              	JR	Z,SAVRET
  2560  0f52  fde3              	EX	(SP),IY
  2561  0f54  cb77              ARGUE0:	BIT	6,A		;ARRAY?
  2562  0f56  203b              	JR	NZ,ARGUE3
  2563  0f58  b7                	OR	A		;TYPE
  2564  0f59  fa6f0f            	JP	M,ARGUE2	;STRING
  2565  0f5c  dde5              	PUSH	IX
  2566  0f5e  cd0000            	CALL	EXPRN		;ACTUAL PARAMETER
  2567  0f61  dde1              	POP	IX
  2568  0f63  fde3              	EX	(SP),IY
  2569  0f65  d1                	POP	DE
  2570  0f66  f1                	POP	AF
  2571  0f67  d9                	EXX
  2572  0f68  e5                	PUSH	HL
  2573  0f69  d9                	EXX
  2574  0f6a  e5                	PUSH	HL
  2575  0f6b  47                	LD	B,A
  2576  0f6c  c5                	PUSH	BC
  2577  0f6d  1813              	JR	ARGUE4
  2578                          ;
  2579  0f6f  dde5              ARGUE2:	PUSH	IX
  2580  0f71  cd0000            	CALL	EXPRS
  2581  0f74  d9                	EXX
  2582  0f75  c1                	POP	BC
  2583  0f76  fde3              	EX	(SP),IY
  2584  0f78  d1                	POP	DE
  2585  0f79  d9                	EXX
  2586  0f7a  f1                	POP	AF
  2587  0f7b  cd0000            	CALL	PUSHS
  2588  0f7e  d9                	EXX
  2589  0f7f  c5                	PUSH	BC
  2590  0f80  dde1              	POP	IX
  2591  0f82  cd0000            ARGUE4:	CALL	NXT
  2592  0f85  fe2c              	CP	','
  2593  0f87  2027              	JR	NZ,ARGUE5
  2594  0f89  1a                	LD	A,(DE)
  2595  0f8a  fe2c              	CP	','
  2596  0f8c  289c              	JR	Z,ARGUE1	;ANOTHER
  2597  0f8e  3e1f              ARGERR:	LD	A,31
  2598  0f90  c30000            	JP	ERROR		;"Bad arguments"
  2599                          ;
  2600  0f93  dde5              ARGUE3:	PUSH	IX
  2601  0f95  cd0000            	CALL	NXT
  2602  0f98  cd0000            	CALL	GETVAR
  2603  0f9b  38f1              	JR	C,ARGERR
  2604  0f9d  dd4e00            	LD	C,(IX+0)
  2605  0fa0  dd4601            	LD	B,(IX+1)
  2606  0fa3  dde1              	POP	IX
  2607  0fa5  cd0000            	CALL	NXT
  2608  0fa8  fde3              	EX	(SP),IY
  2609  0faa  d1                	POP	DE
  2610  0fab  f1                	POP	AF
  2611  0fac  c5                	PUSH	BC		;STACK ARRAY POINTER
  2612  0fad  f5                	PUSH	AF		;STACK TYPE
  2613  0fae  18d2              	JR	ARGUE4
  2614                          ;
  2615  0fb0  cd0000            ARGUE5:	CALL	BRAKET
  2616  0fb3  1a                	LD	A,(DE)
  2617  0fb4  fe29              	CP	')'
  2618  0fb6  20d6              	JR	NZ,ARGERR
  2619  0fb8  13                	INC	DE
  2620  0fb9  d9                UNSTAK:	EXX
  2621  0fba  c1                ARGUE6:	POP	BC
  2622  0fbb  78                	LD	A,B
  2623  0fbc  3c                	INC	A
  2624  0fbd  d9                	EXX
  2625  0fbe  c8                	RET	Z		;MARKER POPPED
  2626  0fbf  d9                	EXX
  2627  0fc0  3d                	DEC	A
  2628  0fc1  cb77              	BIT	6,A		;ARRAY
  2629  0fc3  2019              	JR	NZ,ARGUE8
  2630  0fc5  b7                	OR	A
  2631  0fc6  fad40f            	JP	M,ARGUE7	;STRING
  2632  0fc9  e1                	POP	HL
  2633  0fca  d9                	EXX
  2634  0fcb  e1                	POP	HL
  2635  0fcc  d9                	EXX
  2636  0fcd  dde1              	POP	IX
  2637  0fcf  cd460e            	CALL	STOREN		;WRITE TO DUMMY
  2638  0fd2  18e6              	JR	ARGUE6
  2639                          ;
  2640  0fd4  cd0000            ARGUE7:	CALL	POPS
  2641  0fd7  dde1              	POP	IX
  2642  0fd9  cd980e            	CALL	STACCS
  2643  0fdc  18dc              	JR	ARGUE6
  2644                          ;
  2645  0fde  c1                ARGUE8:	POP	BC		;ARRAY POINTER
  2646  0fdf  dde1              	POP	IX
  2647  0fe1  dd7100            	LD	(IX+0),C
  2648  0fe4  dd7001            	LD	(IX+1),B
  2649  0fe7  18d1              	JR	ARGUE6
  2650                          ;
  2651                          ;Restore RETURNed parameters, via the stack to ensure that
  2652                          ; PROCFRED(A,B)    DEF PROCFRED(RETURN B,RETURN A)  works.
  2653                          ;
  2654  0fe9  3eff              RETXFR:	LD	A,-1
  2655  0feb  f5                	PUSH	AF		;PUT MARKER ON STACK
  2656  0fec  d9                RETXF1:	EXX
  2657  0fed  dd6e04            	LD	L,(IX+4)	;Actual parameter (destination)
  2658  0ff0  dd6605            	LD	H,(IX+5)
  2659  0ff3  e5                	PUSH	HL		;STACK VARPTR
  2660  0ff4  dd6e00            	LD	L,(IX+0)	;Formal parameter (source)
  2661  0ff7  dd6601            	LD	H,(IX+1)
  2662  0ffa  dd7e02            	LD	A,(IX+2)
  2663  0ffd  cb77              	BIT	6,A		;ARRAY?
  2664  0fff  2019              	JR	NZ,RETXF3
  2665  1001  b7                	OR	A		;TYPE
  2666  1002  fa2010            	JP	M,RETXF2	;STRING
  2667  1005  e5                	PUSH	HL
  2668  1006  dde3              	EX	(SP),IX
  2669  1008  cd0000            	CALL	LOADN
  2670  100b  dde1              	POP	IX
  2671  100d  d9                	EXX			;STACK VALUE
  2672  100e  e5                	PUSH	HL
  2673  100f  d9                	EXX
  2674  1010  e5                	PUSH	HL
  2675  1011  dd4606            RETXF6:	LD	B,(IX+6)
  2676  1014  c5                	PUSH	BC		;TYPE & EXPONENT
  2677  1015  cde00e            RETXF5:	CALL	CHECK		;CHECK ROOM
  2678  1018  181e              	JR	RETXF4
  2679                          ;
  2680  101a  5e                RETXF3:	LD	E,(HL)
  2681  101b  23                	INC	HL
  2682  101c  56                	LD	D,(HL)
  2683  101d  d5                	PUSH	DE		;STACK ARRAY POINTER
  2684  101e  18f1              	JR	RETXF6
  2685                          ;
  2686  1020  e5                RETXF2:	PUSH	HL
  2687  1021  dde3              	EX	(SP),IX
  2688  1023  cd0000            	CALL	LOADS
  2689  1026  dde1              	POP	IX
  2690  1028  dd7e06            	LD	A,(IX+6)
  2691  102b  d9                	EXX
  2692  102c  dde5              	PUSH	IX
  2693  102e  e1                	POP	HL
  2694  102f  d9                	EXX
  2695  1030  cd0000            	CALL	PUSHS
  2696  1033  d9                	EXX
  2697  1034  e5                	PUSH	HL
  2698  1035  dde1              	POP	IX
  2699  1037  d9                	EXX
  2700  1038  110800            RETXF4:	LD	DE,8
  2701  103b  dd19              	ADD	IX,DE
  2702  103d  d9                	EXX
  2703  103e  10ac              	DJNZ	RETXF1
  2704  1040  c3b90f            	JP	UNSTAK
  2705                          ;
  2706                          ;Restore 'RETURNed' parameters,
  2707                          ;
  2708  1043  c1                RESRET:	POP	BC		;B = 'RETURN' COUNT
  2709  1044  2600              	LD	H,0
  2710  1046  68                	LD	L,B
  2711  1047  29                	ADD	HL,HL
  2712  1048  29                	ADD	HL,HL
  2713  1049  29                	ADD	HL,HL		;RETURN COUNT * 8
  2714  104a  39                	ADD	HL,SP
  2715  104b  dd210000          	LD	IX,0
  2716  104f  dd39              	ADD	IX,SP		;ADDRESS PARAMETER LIST
  2717  1051  f5                	PUSH	AF
  2718  1052  d5                	PUSH	DE
  2719  1053  e5                	PUSH	HL
  2720  1054  d9                	EXX
  2721  1055  c5                	PUSH	BC
  2722  1056  d5                	PUSH	DE
  2723  1057  d9                	EXX
  2724  1058  78                	LD	A,B
  2725  1059  210000            	LD	HL,ACCS
  2726  105c  110000            	LD	DE,BUFFER
  2727  105f  01ff00            	LD	BC,255
  2728  1062  edb0              	LDIR
  2729  1064  47                	LD	B,A
  2730  1065  cde90f            	CALL	RETXFR		;TRANSFER VIA STACK
  2731  1068  210000            	LD	HL,BUFFER
  2732  106b  110000            	LD	DE,ACCS
  2733  106e  01ff00            	LD	BC,255
  2734  1071  edb0              	LDIR
  2735  1073  d9                	EXX
  2736  1074  d1                	POP	DE
  2737  1075  c1                	POP	BC
  2738  1076  d9                	EXX
  2739  1077  e1                	POP	HL
  2740  1078  d1                	POP	DE
  2741  1079  f1                	POP	AF
  2742  107a  180a              	JR	RESAR1
  2743                          ;
  2744                          ; Restore LOCAL array or memory block:
  2745                          ;
  2746  107c  c1                RESARR:	POP	BC
  2747  107d  cb78              	BIT	7,B		;String array?
  2748  107f  e1                	POP	HL
  2749  1080  c1                	POP	BC
  2750  1081  09                	ADD	HL,BC
  2751  1082  39                	ADD	HL,SP
  2752  1083  c43d13            	CALL	NZ,FREESA	;Free string array
  2753  1086  f9                RESAR1:	LD	SP,HL
  2754  1087  dd23              	INC	IX		;Flag something restored
  2755  1089  1805              	JR	RESLO1
  2756                          ;
  2757                          ; RESLOC - Restore local variables/arrays or DATA/ERROR status from stack
  2758                          ;   Inputs: A = 0 if everything OK, bit0 set if DATPTR, bit1 set if ERRTRP
  2759                          ;  Outputs: Z if nothing was restored, NZ if something was restored
  2760                          ; Destroys: A,B,C,D,E,H,L,H',L',IX,SP,flags
  2761                          ;
  2762  108b  d1                RESLOC:	POP	DE		;Return address
  2763  108c  dd210000          	LD	IX,0		;To flag nothing was restored
  2764  1090  c1                RESLO1:	POP	BC		;Marker ?
  2765  1091  218411            	LD	HL,LOCCHK
  2766  1094  b7                	OR	A
  2767  1095  ed42              	SBC	HL,BC
  2768  1097  281a              	JR	Z,RESLO2	;Something to restore
  2769  1099  b7                	OR	A
  2770  109a  200f              	JR	NZ,RESLO8
  2771  109c  21c906            	LD	HL,RETCHK
  2772  109f  ed42              	SBC	HL,BC
  2773  10a1  28a0              	JR	Z,RESRET
  2774  10a3  213503            	LD	HL,ARRCHK
  2775  10a6  b7                	OR	A
  2776  10a7  ed42              	SBC	HL,BC
  2777  10a9  28d1              	JR	Z,RESARR
  2778  10ab  dde5              RESLO8:	PUSH	IX
  2779  10ad  e1                	POP	HL
  2780  10ae  7c                	LD	A,H
  2781  10af  b5                	OR	L
  2782  10b0  c5                RESLO0:	PUSH	BC		;Put back marker
  2783  10b1  eb                	EX	DE,HL
  2784  10b2  e9                	JP	(HL)		;Return
  2785                          ;
  2786  10b3  dde1              RESLO2:	POP	IX		;Variable pointer
  2787  10b5  b7                	OR	A
  2788  10b6  2820              	JR	Z,RESLO3	;Everything allowed
  2789  10b8  dde5              	PUSH	IX
  2790  10ba  c1                	POP	BC
  2791  10bb  cb47              	BIT	0,A
  2792  10bd  2807              	JR	Z,RESLO6	;Bit 0 set, so
  2793  10bf  210000            	LD	HL,DATPTR	;test for DATPTR
  2794  10c2  ed42              	SBC	HL,BC
  2795  10c4  2812              	JR	Z,RESLO3
  2796  10c6  b7                RESLO6:	OR	A
  2797  10c7  cb4f              	BIT	1,A
  2798  10c9  2807              	JR	Z,RESLO7	;Bit 1 set, so
  2799  10cb  210000            	LD	HL,ERRTRP	;test for ERRPTR
  2800  10ce  ed42              	SBC	HL,BC
  2801  10d0  2806              	JR	Z,RESLO3
  2802  10d2  c5                RESLO7:	PUSH	BC		;Put back pointer
  2803  10d3  018411            	LD	BC,LOCCHK
  2804  10d6  18d8              	JR	RESLO0
  2805                          ;
  2806  10d8  c1                RESLO3:	POP	BC		;Type / exponent
  2807  10d9  cb70              	BIT	6,B
  2808  10db  2014              	JR	NZ,RESLO4	;Array?
  2809  10dd  cb78              	BIT	7,B
  2810  10df  2023              	JR	NZ,RESLO5	;String?
  2811  10e1  e1                	POP	HL
  2812  10e2  d9                	EXX
  2813  10e3  e1                	POP	HL
  2814  10e4  d9                	EXX
  2815  10e5  cb60              	BIT	4,B
  2816  10e7  20a7              	JR	NZ,RESLO1
  2817  10e9  f5                	PUSH	AF
  2818  10ea  78                	LD	A,B
  2819  10eb  cd460e            	CALL	STOREN		;Numeric
  2820  10ee  f1                	POP	AF
  2821  10ef  189f              	JR	RESLO1
  2822                          ;
  2823  10f1  e1                RESLO4:	POP	HL
  2824  10f2  cb60              	BIT	4,B
  2825  10f4  209a              	JR	NZ,RESLO1
  2826  10f6  dd7500            	LD	(IX+0),L	;Array
  2827  10f9  dd7401            	LD	(IX+1),H
  2828  10fc  1892              	JR	RESLO1
  2829                          ;
  2830  10fe  0600              RESLO9:	LD	B,0
  2831  1100  09                	ADD	HL,BC
  2832  1101  f9                	LD	SP,HL
  2833  1102  188c              RESLGO:	JR	RESLO1
  2834                          ;
  2835  1104  210000            RESLO5:	LD	HL,0
  2836  1107  39                	ADD	HL,SP
  2837  1108  cb60              	BIT	4,B
  2838  110a  20f2              	JR	NZ,RESLO9
  2839  110c  f5                	PUSH	AF
  2840  110d  d5                	PUSH	DE
  2841  110e  59                	LD	E,C
  2842  110f  78                	LD	A,B
  2843  1110  cd9b0e            	CALL	STORES		;String
  2844  1113  d1                	POP	DE
  2845  1114  f1                	POP	AF
  2846  1115  f9                	LD	SP,HL
  2847  1116  18ea              	JR	RESLGO
  2848                          ;
  2849                          ;SAVLOC: SUBROUTINE TO STACK LOCAL PARAMETERS
  2850                          ;  OF A FUNCTION OR PROCEDURE.
  2851                          ;THERE IS A LOT OF STACK MANIPULATION - CARE!!
  2852                          ;   Inputs: IY is parameters pointer
  2853                          ;  Outputs: IY updated
  2854                          ;           A' incremented for each RETURN
  2855                          ; Destroys: A',A,B,C,D,E,H,L,IX,IY,F,SP
  2856                          ;
  2857  1118  d1                SAVLOC:	POP	DE		;RETURN ADDRESS
  2858  1119  fd23              SAVLO1:	INC	IY		;BUMP PAST ( OR ,
  2859  111b  cd0000            	CALL	NXT
  2860  111e  fef8              	CP	TRETURN
  2861  1120  2008              	JR	NZ,SAVLO6
  2862  1122  08                	EX	AF,AF'
  2863  1123  3c                	INC	A		;RETURN counter
  2864  1124  08                	EX	AF,AF'
  2865  1125  fd23              	INC	IY		;Bump past RETURN
  2866  1127  cd0000            	CALL	NXT
  2867  112a  d5                SAVLO6:	PUSH	DE
  2868  112b  d9                	EXX
  2869  112c  c5                	PUSH	BC
  2870  112d  d5                	PUSH	DE
  2871  112e  e5                	PUSH	HL
  2872  112f  d9                	EXX
  2873  1130  cd2f02            	CALL	VAR		;DUMMY VARIABLE
  2874  1133  d9                	EXX
  2875  1134  e1                	POP	HL
  2876  1135  d1                	POP	DE
  2877  1136  c1                	POP	BC
  2878  1137  d9                	EXX
  2879  1138  d1                	POP	DE
  2880  1139  cb77              	BIT	6,A		;ARRAY?
  2881  113b  2012              	JR	NZ,SAVLO3
  2882  113d  b7                	OR	A		;TYPE
  2883  113e  fa5911            	JP	M,SAVLO2	;STRING
  2884  1141  d9                	EXX
  2885  1142  e5                	PUSH	HL		;SAVE H'L'
  2886  1143  d9                	EXX
  2887  1144  47                	LD	B,A		;TYPE
  2888  1145  cd0000            	CALL	LOADN
  2889  1148  d9                	EXX
  2890  1149  e3                	EX	(SP),HL
  2891  114a  d9                	EXX
  2892  114b  e5                	PUSH	HL
  2893  114c  c5                	PUSH	BC
  2894  114d  1830              	JR	SAVLO4
  2895                          ;
  2896  114f  dd4e00            SAVLO3:	LD	C,(IX+0)	;ARRAY POINTER
  2897  1152  dd4601            	LD	B,(IX+1)
  2898  1155  c5                	PUSH	BC		;SAVE TO STACK
  2899  1156  f5                	PUSH	AF		;SAVE TYPE
  2900  1157  1826              	JR	SAVLO4
  2901                          ;
  2902  1159  f5                SAVLO2:	PUSH	AF		;STRING TYPE
  2903  115a  d5                	PUSH	DE
  2904  115b  d9                	EXX
  2905  115c  e5                	PUSH	HL
  2906  115d  d9                	EXX
  2907  115e  cd0000            	CALL	LOADS
  2908  1161  d9                	EXX
  2909  1162  e1                	POP	HL
  2910  1163  d9                	EXX
  2911  1164  4b                	LD	C,E
  2912  1165  d1                	POP	DE
  2913  1166  cde00e            	CALL	CHECK
  2914  1169  f1                	POP	AF		;LEVEL STACK
  2915  116a  210000            	LD	HL,0
  2916  116d  45                	LD	B,L
  2917  116e  ed42              	SBC	HL,BC
  2918  1170  39                	ADD	HL,SP
  2919  1171  f9                	LD	SP,HL
  2920  1172  47                	LD	B,A		;TYPE
  2921  1173  c5                	PUSH	BC
  2922  1174  2809              	JR	Z,SAVLO4
  2923  1176  d5                	PUSH	DE
  2924  1177  110000            	LD	DE,ACCS
  2925  117a  eb                	EX	DE,HL
  2926  117b  45                	LD	B,L
  2927  117c  edb0              	LDIR			;SAVE STRING ON STACK
  2928  117e  d1                	POP	DE
  2929  117f  dde5              SAVLO4:	PUSH	IX		;VARPTR
  2930  1181  cd8411            	CALL	SAVLO5
  2931                          LOCCHK	EQU	$
  2932  1184  cde00e            SAVLO5:	CALL	CHECK
  2933  1187  cd0000            	CALL	NXT
  2934  118a  fe2c              	CP	','		;MORE?
  2935  118c  288b              	JR	Z,SAVLO1
  2936  118e  eb                	EX	DE,HL
  2937  118f  e9                	JP	(HL)		;"RETURN"
  2938                          ;
  2939  1190  cd0000            TERMQ:	CALL	NXT
  2940  1193  fe8b              	CP	TELSE
  2941  1195  d0                	RET	NC
  2942  1196  fe3a              	CP	':'		;ASSEMBLER SEPARATOR
  2943  1198  d0                	RET	NC
  2944  1199  fe0d              	CP	CR
  2945  119b  c9                	RET
  2946                          ;
  2947  119c  cd9011            SPAN:	CALL	TERMQ
  2948  119f  c8                	RET	Z
  2949  11a0  fd23              	INC	IY
  2950  11a2  fe22              	CP	'"'
  2951  11a4  ccf312            	CALL	Z,QUOTE
  2952  11a7  18f3              	JR	SPAN
  2953                          ;
  2954  11a9  cd0000            EQUALS:	CALL	NXT
  2955  11ac  fd23              	INC	IY
  2956  11ae  fe3d              	CP	'='
  2957  11b0  c8                	RET	Z
  2958  11b1  3e04              	LD	A,4
  2959  11b3  c30000            	JP	ERROR		;"Mistake"
  2960                          ;
  2961  11b6  fe8a              FORMAT:	CP	TTAB
  2962  11b8  280c              	JR	Z,DOTAB
  2963  11ba  fe89              	CP	TSPC
  2964  11bc  2838              	JR	Z,DOSPC
  2965  11be  fe27              	CP	'\''
  2966  11c0  c0                	RET	NZ
  2967  11c1  cd0000            	CALL	CRLF
  2968  11c4  af                	XOR	A
  2969  11c5  c9                	RET
  2970                          ;
  2971  11c6  c5                DOTAB:	PUSH	BC
  2972  11c7  cd0000            	CALL	EXPRI
  2973  11ca  d9                	EXX
  2974  11cb  c1                	POP	BC
  2975  11cc  fd7e00            	LD	A,(IY)
  2976  11cf  fe2c              	CP	','
  2977  11d1  2811              	JR	Z,DOTAB1
  2978  11d3  cd0000            	CALL	BRAKET
  2979  11d6  7d                	LD	A,L
  2980  11d7  210000            TABIT:	LD	HL,COUNT
  2981  11da  be                	CP	(HL)
  2982  11db  c8                	RET	Z
  2983  11dc  f5                	PUSH	AF
  2984  11dd  dc0000            	CALL	C,CRLF
  2985  11e0  f1                	POP	AF
  2986  11e1  96                	SUB	(HL)
  2987  11e2  1819              	JR	SPACES
  2988  11e4  fd23              DOTAB1:	INC	IY
  2989  11e6  c5                	PUSH	BC
  2990  11e7  e5                	PUSH	HL
  2991  11e8  cd0000            	CALL	EXPRI
  2992  11eb  d9                	EXX
  2993  11ec  d1                	POP	DE
  2994  11ed  c1                	POP	BC
  2995  11ee  cd0000            	CALL	BRAKET
  2996  11f1  cd0000            	CALL	PUTCSR
  2997  11f4  af                	XOR	A
  2998  11f5  c9                	RET
  2999                          ;
  3000  11f6  c5                DOSPC:	PUSH	BC
  3001  11f7  cd0000            	CALL	ITEMI
  3002  11fa  d9                	EXX
  3003  11fb  7d                	LD	A,L
  3004  11fc  c1                	POP	BC
  3005  11fd  b7                SPACES:	OR	A
  3006  11fe  c8                	RET	Z
  3007  11ff  c5                	PUSH	BC
  3008  1200  47                	LD	B,A
  3009  1201  3e20              FILL1:	LD	A,' '
  3010  1203  cd0000            	CALL	OUTCHR
  3011  1206  10f9              	DJNZ	FILL1
  3012  1208  c1                	POP	BC
  3013  1209  af                	XOR	A
  3014  120a  c9                	RET
  3015                          ;
  3016  120b  210000            PTEXT:	LD	HL,ACCS
  3017  120e  1c                	INC	E
  3018  120f  1d                PTEXT1:	DEC	E
  3019  1210  c8                	RET	Z
  3020  1211  7e                	LD	A,(HL)
  3021  1212  23                	INC	HL
  3022  1213  cd0000            	CALL	OUTCHR
  3023  1216  18f7              	JR	PTEXT1
  3024                          ;
  3025  1218  f5                FETCHS:	PUSH	AF
  3026  1219  c5                	PUSH	BC
  3027  121a  e5                	PUSH	HL
  3028  121b  fde3              	EX	(SP),IY
  3029  121d  cd3512            	CALL	XTRACT
  3030  1220  cd0000            	CALL	NXT
  3031  1223  fde3              	EX	(SP),IY
  3032  1225  e1                	POP	HL
  3033  1226  c1                	POP	BC
  3034  1227  f1                	POP	AF
  3035  1228  c9                	RET
  3036                          ;
  3037  1229  110000            LINES:	LD	DE,ACCS
  3038  122c  7e                LINE1S:	LD	A,(HL)
  3039  122d  12                	LD	(DE),A
  3040  122e  fe0d              	CP	CR
  3041  1230  c8                	RET	Z
  3042  1231  23                	INC	HL
  3043  1232  1c                	INC	E
  3044  1233  18f7              	JR	LINE1S
  3045                          ;
  3046  1235  cd0000            XTRACT:	CALL	NXT
  3047  1238  fe22              	CP	'"'
  3048  123a  fd23              	INC	IY
  3049  123c  ca0000            	JP	Z,CONS
  3050  123f  fd2b              	DEC	IY
  3051  1241  110000            	LD	DE,ACCS
  3052  1244  fd7e00            XTRAC1:	LD	A,(IY)
  3053  1247  12                	LD	(DE),A
  3054  1248  fe2c              	CP	','
  3055  124a  c8                	RET	Z
  3056  124b  fe0d              	CP	CR
  3057  124d  c8                	RET	Z
  3058  124e  fd23              	INC	IY
  3059  1250  1c                	INC	E
  3060  1251  18f1              	JR	XTRAC1
  3061                          ;
  3062  1253  3edc              DSRCH:	LD	A,TDATA
  3063  1255  0600              SEARCH:	LD	B,0
  3064  1257  4e                SRCH1:	LD	C,(HL)
  3065  1258  0c                	INC	C
  3066  1259  0d                	DEC	C
  3067  125a  280c              	JR	Z,SRCH2		;FAIL
  3068  125c  23                	INC	HL
  3069  125d  23                	INC	HL
  3070  125e  23                	INC	HL
  3071  125f  be                	CP	(HL)
  3072  1260  c8                	RET	Z
  3073  1261  0d                	DEC	C
  3074  1262  0d                	DEC	C
  3075  1263  0d                	DEC	C
  3076  1264  09                	ADD	HL,BC
  3077  1265  c35712            	JP	SRCH1
  3078  1268  2b                SRCH2:	DEC	HL		;POINT TO CR
  3079  1269  37                	SCF
  3080  126a  c9                	RET
  3081                          ;
  3082                          ; NSCAN - scan for token at start of line, with nesting of inner structures
  3083                          ; Alternative entry at NSCAN1 with L = level (used by CASE)
  3084                          ;
  3085                          ;   Inputs: B = token to find (1, start of line)
  3086                          ;           C = token to find (2, start of line)
  3087                          ;           E = token to nest (end of line)
  3088                          ;           D = token to unnest (start of line)
  3089                          ;           IY = start search area (line length byte)
  3090                          ;  Outputs: NZ if not found
  3091                          ;           Z if found, IY points to byte after token
  3092                          ; Destroys: A,B,C,L,IY,F
  3093                          ;
  3094  126b  2e00              NSCAN:	LD	L,0		;nest level
  3095  126d  fd7e00            NSCAN1:	LD	A,(IY)		;get line length
  3096  1270  b7                	OR	A		;test zero = end of prog
  3097  1271  2834              	JR	Z,NSCAN6
  3098  1273  fd7e03            	LD	A,(IY+3)	;initial token
  3099  1276  b8                	CP	B		;test value reqd
  3100  1277  281d              	JR	Z,NSCAN3	;found (1)
  3101  1279  b9                	CP	C
  3102  127a  281a              	JR	Z,NSCAN3	;found (2)
  3103  127c  ba                NSCAN7:	CP	D		;unnest?
  3104  127d  2822              	JR	Z,NSCAN5
  3105  127f  c5                NSCAN2:	PUSH	BC
  3106  1280  0600              	LD	B,0
  3107  1282  fd4e00            	LD	C,(IY)
  3108  1285  fd09              	ADD	IY,BC		;go to next line
  3109  1287  fd7efe            	LD	A,(IY-2)
  3110  128a  bb                	CP	E		;nest?
  3111  128b  79                	LD	A,C
  3112  128c  c1                	POP	BC
  3113  128d  20de              	JR	NZ,NSCAN1	;continue
  3114  128f  fe05              	CP	5		;empty line ?
  3115  1291  38da              	JR	C,NSCAN1	;continue
  3116  1293  2c                	INC	L		;increment nest level
  3117  1294  18d7              	JR	NSCAN1		;continue
  3118                          ;
  3119  1296  2c                NSCAN3:	INC	L
  3120  1297  2d                	DEC	L
  3121  1298  20e2              	JR	NZ,NSCAN7
  3122  129a  010400            NSCAN4:	LD	BC,4
  3123  129d  fd09              	ADD	IY,BC
  3124  129f  af                	XOR	A		;Z
  3125  12a0  c9                	RET
  3126                          ;
  3127  12a1  2d                NSCAN5:	DEC	L		;decrement nest level
  3128  12a2  f27f12            	JP	P,NSCAN2
  3129  12a5  18f3              	JR	NSCAN4
  3130                          ;
  3131  12a7  f601              NSCAN6:	OR	1		;NZ
  3132  12a9  c9                	RET
  3133                          ;
  3134                          ; WSRCH - search for token, with nesting of inner structures
  3135                          ;
  3136                          ;   Inputs: B = token to find or unnest (anywhere)
  3137                          ;           C = token to nest (anywhere), ignore after EXIT
  3138                          ;           D = ordinal (1 = find first token, 2 = second)
  3139                          ;           IY = address to start looking
  3140                          ;  Outputs: IY points to byte after that found
  3141                          ;           if not found abort to END
  3142                          ; Destroys: A,D,IY,F
  3143                          ;
  3144  12aa  fd7e00            WSRCH:	LD	A,(IY)
  3145  12ad  fd23              	INC	IY
  3146  12af  fe22              	CP	'"'
  3147  12b1  ccf312            	CALL	Z,QUOTE
  3148  12b4  fef4              	CP	TREM
  3149  12b6  2822              	JR	Z,WSRCHM
  3150  12b8  fe10              	CP	TEXIT
  3151  12ba  2830              	JR	Z,WSRCHE
  3152  12bc  b8                	CP	B
  3153  12bd  2829              	JR	Z,WSRCHX
  3154  12bf  b9                	CP	C
  3155  12c0  2823              	JR	Z,WSRCHP
  3156  12c2  fe0d              	CP	CR
  3157  12c4  20e4              	JR	NZ,WSRCH
  3158  12c6  fd7e00            WSRCH1:	LD	A,(IY)			;Line length
  3159  12c9  fd23              	INC	IY
  3160  12cb  b7                	OR	A
  3161  12cc  ca2d01            	JP	Z,END
  3162  12cf  fd23              	INC	IY
  3163  12d1  fd23              	INC	IY			;Skip line number
  3164  12d3  fd7e00            	LD	A,(IY)
  3165  12d6  fedc              	CP	TDATA
  3166  12d8  20d0              	JR	NZ,WSRCH
  3167  12da  fd7e00            WSRCHM:	LD	A,(IY)
  3168  12dd  fd23              	INC	IY
  3169  12df  fe0d              	CP	CR
  3170  12e1  20f7              	JR	NZ,WSRCHM		;Skip to end of line
  3171  12e3  18e1              	JR	WSRCH1
  3172                          ;
  3173  12e5  14                WSRCHP:	INC	D
  3174  12e6  18c2              	JR	WSRCH
  3175                          ;
  3176  12e8  15                WSRCHX:	DEC	D
  3177  12e9  20bf              	JR	NZ,WSRCH
  3178  12eb  c9                	RET
  3179                          ;
  3180  12ec  cd0000            WSRCHE:	CALL	NXT
  3181  12ef  fd23              	INC	IY
  3182  12f1  18b7              	JR	WSRCH
  3183                          ;
  3184                          ; QUOTE - skip quoted string
  3185                          ;
  3186  12f3  fd7e00            QUOTE:	LD	A,(IY)
  3187  12f6  fd23              	INC	IY
  3188  12f8  fe0d              	CP	CR
  3189  12fa  ca0213            	JP	Z,MISQUO
  3190  12fd  fe22              	CP	'"'
  3191  12ff  20f2              	JR	NZ,QUOTE
  3192  1301  c9                	RET
  3193                          ;
  3194  1302  3e09              MISQUO:	LD	A,9
  3195  1304  c30000            	JP	ERROR		;"Missing quote"
  3196                          ;
  3197                          ; X14OR5 - multiply by 1, 4 or 5
  3198                          ;   Inputs: DE = number to be multiplied
  3199                          ;           A = 1, 4 or 5 (else multiply by 4)
  3200                          ;  Outputs: DE = DE * A
  3201                          ;           Carry set if overflow
  3202                          ; Destroys: D,E,H,L,F
  3203                          ;
  3204  1307  62                X14OR5:	LD	H,D
  3205  1308  6b                	LD	L,E
  3206  1309  fe01              	CP	1
  3207  130b  c8                	RET	Z
  3208  130c  fe05              	CP	5
  3209  130e  29                	ADD	HL,HL
  3210  130f  d8                	RET	C
  3211  1310  29                	ADD	HL,HL
  3212  1311  d8                	RET	C
  3213  1312  eb                	EX	DE,HL
  3214  1313  c0                	RET	NZ
  3215  1314  19                	ADD	HL,DE
  3216  1315  eb                	EX	DE,HL
  3217  1316  c9                	RET
  3218                          ;
  3219                          ; MUL16 - 16-bit multiply
  3220                          ;   Inputs: HL = number to be multiplied
  3221                          ;           BC = multiplier
  3222                          ;  Outputs: HL = HL * BC
  3223                          ;           Carry set if overflow
  3224                          ; Destroys: A,D,E,H,L,F
  3225                          ;
  3226  1317  eb                MUL16:	EX	DE,HL
  3227  1318  210000            	LD	HL,0
  3228  131b  3e10              	LD	A,16
  3229  131d  29                MUL161:	ADD	HL,HL
  3230  131e  d8                	RET	C		;OVERFLOW
  3231  131f  cb23              	SLA	E
  3232  1321  cb12              	RL	D
  3233  1323  3002              	JR	NC,MUL162
  3234  1325  09                	ADD	HL,BC
  3235  1326  d8                	RET	C
  3236  1327  3d                MUL162:	DEC	A
  3237  1328  20f3              	JR	NZ,MUL161
  3238  132a  c9                	RET
  3239                          ;
  3240  132b  cd0000            CHANEL:	CALL	NXT
  3241  132e  fe23              	CP	'#'
  3242  1330  3e2d              	LD	A,45
  3243  1332  c20000            	JP	NZ,ERROR	;"Missing #"
  3244  1335  fd23              CHNL:	INC	IY		;SKIP '#'
  3245  1337  cd0000            	CALL	ITEMI
  3246  133a  d9                	EXX
  3247  133b  eb                	EX	DE,HL
  3248  133c  c9                	RET
  3249                          ;
  3250                          ; FREESA - Free members of a string array if adjacent to the top of heap
  3251                          ;   Inputs: BC = length of array (= 4 * number of elements)
  3252                          ;           HL addresses array first byte *above* array
  3253                          ;  Outputs: NZ if any array element freed, Z if none
  3254                          ; Destroys: nothing
  3255                          ;
  3256  133d  f5                FREESA:	PUSH	AF
  3257  133e  c5                FREES0:	PUSH	BC
  3258  133f  d5                	PUSH	DE
  3259  1340  e5                	PUSH	HL
  3260  1341  af                	XOR	A
  3261  1342  50                	LD	D,B
  3262  1343  59                	LD	E,C
  3263  1344  47                	LD	B,A
  3264  1345  d5                FREES1:	PUSH	DE
  3265  1346  2b                	DEC	HL
  3266  1347  56                	LD	D,(HL)
  3267  1348  2b                	DEC	HL
  3268  1349  5e                	LD	E,(HL)
  3269  134a  2b                	DEC	HL
  3270  134b  4e                	LD	C,(HL)
  3271  134c  2b                	DEC	HL
  3272  134d  e5                	PUSH	HL
  3273  134e  2a0000            	LD	HL,(FREE)
  3274  1351  eb                	EX	DE,HL
  3275  1352  09                	ADD	HL,BC
  3276  1353  ed52              	SBC	HL,DE
  3277  1355  2007              	JR	NZ,FREES2
  3278  1357  19                	ADD	HL,DE
  3279  1358  ed42              	SBC	HL,BC
  3280  135a  220000            	LD	(FREE),HL
  3281  135d  b4                	OR	H
  3282  135e  d1                FREES2:	POP	DE
  3283  135f  e1                	POP	HL
  3284  1360  0e04              	LD	C,4
  3285  1362  b7                	OR	A
  3286  1363  ed42              	SBC	HL,BC
  3287  1365  eb                	EX	DE,HL
  3288  1366  20dd              	JR	NZ,FREES1
  3289  1368  b7                	OR	A
  3290  1369  e1                	POP	HL
  3291  136a  d1                	POP	DE
  3292  136b  c1                	POP	BC
  3293  136c  b7                	OR	A
  3294  136d  20cf              	JR	NZ,FREES0
  3295  136f  f1                	POP	AF
  3296  1370  c9                	RET
  3297                          ;
  3298                          	;END
  3299                          
